uri,cid,text,created_at,reply_count,repost_count,like_count,author_handle,author_display_name,author_avatar,author_did
at://did:plc:js5ldejvopvesic46k257ilb/app.bsky.feed.post/3l5hfl43gh72s,bafyreibn44vp2ikl4ght7skifdnx4q7qv6kagleuywpwim5u4le2d23fla,chatabata,2024-10-01T14:10:27.125Z,0,0,0,larissxj.bsky.social,larissa,https://cdn.bsky.app/img/avatar/plain/did:plc:js5ldejvopvesic46k257ilb/bafkreidq5bnx5yvcfy4emf7axi62htblkzyz2s4pfnnqzpmjkqvzemr4a4@jpeg,did:plc:js5ldejvopvesic46k257ilb
at://did:plc:4u56hiccbsvkaalr5m4hvgbl/app.bsky.feed.post/3l5ggsbi47z2x,bafyreiaowss5iqgnrfpvadmctienerijkju5omsbuyzmpf6vk7ubmabhxm,"Pinto Mar√ßal, chatabata e boules",2024-10-01T04:59:40.480Z,0,0,2,malisa--olive.bsky.social,MalisaÀ¢ ∞À¢·µè ∏‚ô°,https://cdn.bsky.app/img/avatar/plain/did:plc:4u56hiccbsvkaalr5m4hvgbl/bafkreictg32lrmv55tvtiyxuifnh6cqlfbzbmg5r3cpwzsznjctyx4p2fy@jpeg,did:plc:4u56hiccbsvkaalr5m4hvgbl
at://did:plc:wxntmo5swdayd4uz2s2nbeuo/app.bsky.feed.post/3l5fx2xuq4r26,bafyreig74vrojmfkgzpjalw4n7lgcnbdt74zosz4rp4zthntnyinv2mt5q,"Acabei de ver o pen√∫ltimo debate pela prefeitura de S√£o Paulo, no come√ßo achei louco, mas o formato que a UOL fez foi muito interessante, e brilhante de certa forma.
Bananinha t√° desesperado e Chatabata da sono, SP, minha terrinha, s√≥ fa√ßam o M do Mar√ßal por favor.",2024-10-01T00:18:10.433Z,0,0,1,felipe5bezerra.bsky.social,Felipe Bezerra,https://cdn.bsky.app/img/avatar/plain/did:plc:wxntmo5swdayd4uz2s2nbeuo/bafkreihkfpl3euply7af432j3qruzvt62ij5rry4xxnpxnuj65xd2wbz6u@jpeg,did:plc:wxntmo5swdayd4uz2s2nbeuo
at://did:plc:ne5c3hpvtirvbojsqadlwyz5/app.bsky.feed.post/3l5fdxclqli2x,bafyreicodcjmwc5kh6irplr6ujxesukqivtdxwi35p452crp4xwm4z4hcq,"Perai, deixa eu ver se entendi, tu me vem com uma puta fake News sobre a posi√ß√£o da chatabata,eu te refuto com provas validas e depois eu que sou o analfabeto funcional?
Alias, como TODES voc√™s falam 'VAI AVISANDO üíÖüíÖ'

(Me recuso a acreditar que vi inteligente e esquerda no mesmo post üòÇ)""",2024-09-30T18:36:12.627Z,1,0,0,lucas77.bsky.social,MAURINHO TERROR DO CURICA,https://cdn.bsky.app/img/avatar/plain/did:plc:ne5c3hpvtirvbojsqadlwyz5/bafkreieyu5nvqri23hcqgtgcoattbfolee2xq2vhzvj2g2jo4zvp3rmoki@jpeg,did:plc:ne5c3hpvtirvbojsqadlwyz5
at://did:plc:du5766va33xmlvnscslpzkgm/app.bsky.feed.post/3l5fbx2mdkv2g,bafyreiefctsxlqc3xrlcql67zlqeu6ogamy5w3nqwr5322hqzvca6ziyce,N√£o aguento mais toda hora que eu passo na frente da tv est√° a cara daquela chatabata,2024-09-30T17:59:32.523Z,0,0,0,manuuhzinha.bsky.social,M!,https://cdn.bsky.app/img/avatar/plain/did:plc:du5766va33xmlvnscslpzkgm/bafkreif4uxz6kcqtdu2twhjphax4orwvbbzhdmrwy5b3zfztlvj25imnza@jpeg,did:plc:du5766va33xmlvnscslpzkgm
at://did:plc:s2ykvosrjluznlrjonit7mdu/app.bsky.feed.post/3l5favmj2f22k,bafyreicamdztjkabunpkmkdb3qs6akl65zntw2tebz3i2dqkg6ken2wqwm,Desde que mainha me disse isso nada tira da minha cabe√ßa que a chaTabata √© a Lisa Simpson,2024-09-30T17:41:30.765Z,1,0,1,outkoda.bsky.social,koda,https://cdn.bsky.app/img/avatar/plain/did:plc:s2ykvosrjluznlrjonit7mdu/bafkreidmg7lxjhcwgeghzih3nbyd2eckt22nder4fjkeyecyrlaxtkhzqe@jpeg,did:plc:s2ykvosrjluznlrjonit7mdu
at://did:plc:gfhpdfmnvukezj7cdkh663je/app.bsky.feed.post/3l5f3zbibxo2e,bafyreib35ptk7bgago5jwjifz2dg32dig5erqb5ec2o2dxhafpxbdxlvey,"MESMO TERRIVELMENTE OCUPADO, TIVE QUE POSTAR ESSA RESPOSTA DO P. MARCOLA √Å CHATABATA. 
REFLITAM O N√çVEL? 
KD AS PROPOSTAS ?",2024-09-30T16:14:05.094Z,0,3,4,zoioazualdo.bsky.social,SCARPA.HEDAD,https://cdn.bsky.app/img/avatar/plain/did:plc:gfhpdfmnvukezj7cdkh663je/bafkreic6l7ylebpo2gstnrl5fjzzom6ufxj2fxi3hpbempwa6ll2fciixq@jpeg,did:plc:gfhpdfmnvukezj7cdkh663je
at://did:plc:izpd5q7dc3v77xazfst3s2vw/app.bsky.feed.post/3l5exex5pvf25,bafyreigvz43ofu4cz2uzcv4wqoaosgwh5u46f2eub7uftgnzb2vavdprga,"N√£o defendendo o Pablo Mar√ßal , mas ele explica bem no debate , ao falar essa frase ele estava explicando para a Chatabata que ela n√£o ia receber o voto de mulher s√≥ por ser mulher, ap√≥s falar que a mulher √© inteligente ele fala pra ela e fala que as mulheres s√≥ veem debates sem sentido na Chatabata",2024-09-30T14:51:13.650Z,2,0,0,ailtonveiga.bsky.social,,https://cdn.bsky.app/img/avatar/plain/did:plc:izpd5q7dc3v77xazfst3s2vw/bafkreiggv42jsgcqr2owir7kbyzktzvjw6utwjp2wgeky7onsbi55zo76q@jpeg,did:plc:izpd5q7dc3v77xazfst3s2vw
at://did:plc:c6liiqgfy4pybouy2newvwno/app.bsky.feed.post/3l5ex7ezw7b2l,bafyreibgry3uhrsif42xce5526f3gkxpzhvvu5cdlligcfbluq3du4r5qe,"eh triste como a Tabata Amaral eh a √∫nica normal no debate e os coment√°rios s√£o chamando ela de chatabata

o futuro desse pa√≠s eh preocupante e tudo isso eh gra√ßas a MERDA da gera√ß√£o passada que se dizem lutar pelo ""bem"" da pr√≥xima gera√ß√£o.",2024-09-30T14:48:02.107Z,1,0,1,guilimas.bsky.social,Guilherme Motel Destino Lima üè¥‚Äç‚ò†Ô∏è,https://cdn.bsky.app/img/avatar/plain/did:plc:c6liiqgfy4pybouy2newvwno/bafkreibrisz755zyy6d4gwv4i3nr4im2ymim77uwi6sffkow25muhs5ay4@jpeg,did:plc:c6liiqgfy4pybouy2newvwno
at://did:plc:e52rnklifyv66bmrx5c2agty/app.bsky.feed.post/3l5ethxquz62h,bafyreicswxemvgyxly6ucg7ymgcaah7xiivq3dybmhxuwidureqm2rfwn4,Hahahah. Isso diz muito sobre a Chatabata.,2024-09-30T13:41:15.430Z,1,0,10,marvalmeida.bsky.social,,https://cdn.bsky.app/img/avatar/plain/did:plc:e52rnklifyv66bmrx5c2agty/bafkreic3pjity2zaczc3sbmfmpcz37odjq77zkwgqug4k7uvuktyur7csu@jpeg,did:plc:e52rnklifyv66bmrx5c2agty
at://did:plc:4ikt557s2ntwi7vrllwm557o/app.bsky.feed.post/3l5dcyg6hen2i,bafyreialh7mhko2fzol5uyugkypusgeqxaxsbcbnt4dfuymdi3fk5hgwom,Algu√©m pode falar qual √© a da T√°bata. O Boulos disputando ir pro segundo turno com dois bolsonaristas e ela resolve atacar o candidato do PSOL. Depois n√£o quer ser chamada de CHAT√ÅBATA.,2024-09-29T23:13:32.288Z,0,0,3,cangaceironetto.bsky.social,Cangaceiro Netto,https://cdn.bsky.app/img/avatar/plain/did:plc:4ikt557s2ntwi7vrllwm557o/bafkreid7tndile2jsl346l3mcwsj5sskvwrwdu3ypqocpmjcbdu37butwa@jpeg,did:plc:4ikt557s2ntwi7vrllwm557o
at://did:plc:gfhpdfmnvukezj7cdkh663je/app.bsky.feed.post/3l5dbfurwdv2x,bafyreib5nhghiuiazj5lhtodc42y6nzxin57h2ioknsayb3azpspwh4rwe,"SE VCS VOTAREM E LAMA√áAL, CHATABATA, DAPENA OU MUMIES. VOC√äS FICAR√ÉO
- SEM √ÅGUA 
- SEM LUZ 
- SEM TRANSPORTE
- SEM M√âDICOS 
- SEM PROFESSORES 
ETC E TAL 

VOTEM EM BOULOS 50 
PARA PREFEITO DE SP.",2024-09-29T22:45:17.851Z,1,2,7,zoioazualdo.bsky.social,SCARPA.HEDAD,https://cdn.bsky.app/img/avatar/plain/did:plc:gfhpdfmnvukezj7cdkh663je/bafkreic6l7ylebpo2gstnrl5fjzzom6ufxj2fxi3hpbempwa6ll2fciixq@jpeg,did:plc:gfhpdfmnvukezj7cdkh663je
at://did:plc:33q6hp5x2dyw54xnisuemiht/app.bsky.feed.post/3l5d6e6fbkz2e,bafyreihy5azqwseqpgfaf3bwcp56wspo3jieduq4ufla7jyuezfnfkogdy,A chaTabata s√≥ acordou depois que uma sapatada da Alexia do partido nojo.,2024-09-29T21:50:39.798Z,0,0,0,valdeci.bsky.social,Valdeci Martins,https://cdn.bsky.app/img/avatar/plain/did:plc:33q6hp5x2dyw54xnisuemiht/bafkreidb7yihlfcw6brz3tkjocgdat5s44z5rgrua3u7yvmsjhidhbauuy@jpeg,did:plc:33q6hp5x2dyw54xnisuemiht
at://did:plc:sadlvwhcqiiv6fvztpuih32w/app.bsky.feed.post/3l5cnsgxjhl2a,bafyreihrmwgkfse4ldahlfnkajdrlkamzwoasxjbql24pi6fidivymgwme,Queremos chatabata no poder,2024-09-29T16:54:24.861Z,0,0,0,bisexsapiens.bsky.social,papi,https://cdn.bsky.app/img/avatar/plain/did:plc:sadlvwhcqiiv6fvztpuih32w/bafkreidc24gfp6aqcm4arpfymcbew42peaua7br7ac6iu6m6lfzaujgxgi@jpeg,did:plc:sadlvwhcqiiv6fvztpuih32w
at://did:plc:2wto6f3za7ol7ddfxj3h56sd/app.bsky.feed.post/3l5cjjnlipz2z,bafyreigkvz4nqmwdq26hhqt2w2yhhzgqtp2avtfawoi4bkgmbhvvyofwde,"BOA TARDE COSPLAY DA CHATABATA. 
N√ÉO ACEITO PDF, SOMENTE RTM.",2024-09-29T15:38:25.894Z,0,0,0,salimsalame.bsky.social,SALIM SALAME,https://cdn.bsky.app/img/avatar/plain/did:plc:2wto6f3za7ol7ddfxj3h56sd/bafkreidiamsylgmgejr7rtlq4r3lvexywtgae6pytshydgmytbmvgqoqai@jpeg,did:plc:2wto6f3za7ol7ddfxj3h56sd
at://did:plc:hl5bwupfflzaka25um7oluod/app.bsky.feed.post/3l5cfnbx3aw25,bafyreifflga2exv6kdzuw45aefdwr2av77x5njpfkotnutursxxu4b3za4,"em quem vcs v√£o votar pra prefeito de sp?

Eu se pa vou votar na chatabata",2024-09-29T14:28:19.376Z,0,0,0,duduatleticano.bsky.social,Dudu Atleticano ,https://cdn.bsky.app/img/avatar/plain/did:plc:hl5bwupfflzaka25um7oluod/bafkreigiea3wdi5er46o22kec6ued5qp47xpzhbktzrin64bqlu37cbdna@jpeg,did:plc:hl5bwupfflzaka25um7oluod
at://did:plc:ygsiuidqn7vpyvrbklacdjtg/app.bsky.feed.post/3l5c7pub3x42x,bafyreicqbcfifvkxnf6ogtang34v5t4dkz3hu7gblrftoej7dn64j47vwi,"Chatabata ataca Boulos em debate porque sabe n√£o ter chances de ir para o 2¬∫ turno, mas tem ""patroc√≠nio"" para enviar dois candidatos bo√ßalnaristas para l√°, o que interessa mais aos seus patrocinadores.",2024-09-29T12:42:24.347Z,4,10,56,marcosnunes.bsky.social,MarcosNunes,https://cdn.bsky.app/img/avatar/plain/did:plc:ygsiuidqn7vpyvrbklacdjtg/bafkreie6wgmsdueusb5eje4yg7puutj4t4du75saglzkabkwb4guk6o7ae@jpeg,did:plc:ygsiuidqn7vpyvrbklacdjtg
at://did:plc:pgqrihxhxbg66sorht5snegn/app.bsky.feed.post/3l5b6n2jde62e,bafyreie6jki5fxe5by7qbqcr4fsb3s3zhu5oxklthejz5mslrkgyfkwoz4,"Uma hora tu t√° afim do Sacha, agora tu t√° afim da Chatabata kkkkkkkk s√≥ vc mesmo, te amo muito Kah.üíô",2024-09-29T02:50:17.991Z,0,0,0,luizfedofc22.bsky.social,,https://cdn.bsky.app/img/avatar/plain/did:plc:pgqrihxhxbg66sorht5snegn/bafkreif52xzb7uxqoo7xboasdpmvojmt7a4gptxjb2yxksjbuh3lsjyazi@jpeg,did:plc:pgqrihxhxbg66sorht5snegn
at://did:plc:q2hxsp5e2ikmziers6hxvaag/app.bsky.feed.post/3l5b2xhelk32c,bafyreidcaixrlwxfqovepszihlyokhjjabe3kzjvzela3lizrestrkshny,Chatabata?,2024-09-29T01:44:32.313Z,1,0,0,punkequeijo.bsky.social,Padre Marcelo Glock,https://cdn.bsky.app/img/avatar/plain/did:plc:q2hxsp5e2ikmziers6hxvaag/bafkreif3zsal7y37ppcxphmj22smcwn6u7pnyfr7ipitejluw4y7x5miui@jpeg,did:plc:q2hxsp5e2ikmziers6hxvaag
at://did:plc:33q6hp5x2dyw54xnisuemiht/app.bsky.feed.post/3l5b2rgg2mq2b,bafyreia5zeay2u6jsjnyzkukvwuaxy7mg26v3rgqim2mbtqfu3wmo7gc2m,A Chatabata parece que s√≥ quer aprender na dor,2024-09-29T01:41:09.563Z,1,0,1,valdeci.bsky.social,Valdeci Martins,https://cdn.bsky.app/img/avatar/plain/did:plc:33q6hp5x2dyw54xnisuemiht/bafkreidb7yihlfcw6brz3tkjocgdat5s44z5rgrua3u7yvmsjhidhbauuy@jpeg,did:plc:33q6hp5x2dyw54xnisuemiht
at://did:plc:xhlxffmmequp2ij7i43g2wvp/app.bsky.feed.post/3l5aywscvoq2k,bafyreiauoqt7zt3bvirf3txy7yecl6jz6dal5l4ejl24dafk7wqjgqbbam,Dona Florinda √©  a Marina Helena porque tamb√©m √© a Pops . A Chatabata √©  a Chiquinha. O Kiko vulgo Boulos e o Nonho vulgo Datena. O Pablo √©  o Sr Madruga mesmo porque tomou uma  surra como tomava da Dona Florinda no debate da Cultura,2024-09-29T01:13:29.076Z,0,0,2,rob8on.bsky.social,,https://cdn.bsky.app/img/avatar/plain/did:plc:xhlxffmmequp2ij7i43g2wvp/bafkreihafnvwanqpc6gwwprgdkgvycxlfgipn4lxsrtjje6lvzbnaouiva@jpeg,did:plc:xhlxffmmequp2ij7i43g2wvp
at://did:plc:3mzj44nspsybkuw7khkxtels/app.bsky.feed.post/3l5ayfuxh4m23,bafyreifej5up4ulgzfnmquagx2lvxbyguzrksbyebuf7w4zx4nqddfzdyq,"Nossa, que chat√°bata",2024-09-29T00:58:55.742Z,0,0,1,lanicolegomez.bsky.social,Nic.,https://cdn.bsky.app/img/avatar/plain/did:plc:3mzj44nspsybkuw7khkxtels/bafkreihobkjd5fczgg4fof5hyjx4dlqigamqrdi5udbcgxfthb2zy6ydzu@jpeg,did:plc:3mzj44nspsybkuw7khkxtels
at://did:plc:fpa4vjlvp4vr5x62fcboocx4/app.bsky.feed.post/3l5ayfjrrwv2n,bafyreicllq23y33zqaxi7ghfh5v4tjdfl3xcdcov7a7gevg5qwliisah5e,chatabata voc√™ √© uma porta,2024-09-29T00:58:40.773Z,1,0,0,clacamargo.bsky.social,clarinha ,https://cdn.bsky.app/img/avatar/plain/did:plc:fpa4vjlvp4vr5x62fcboocx4/bafkreib2wgihnkxyielwx7ghftiel5yxxcrnyaxzggtqeaxqszgxfjs3ae@jpeg,did:plc:fpa4vjlvp4vr5x62fcboocx4
at://did:plc:e52rnklifyv66bmrx5c2agty/app.bsky.feed.post/3l5axbactyx27,bafyreid3v6nwcgputao7f2d46gybrmm4urbwxl4gyg5n6pmerd36ne7lby,O Boulos chamou a Venezuela de ditadura. O q a Chatabata quer?,2024-09-29T00:38:25.526Z,1,0,1,marvalmeida.bsky.social,,https://cdn.bsky.app/img/avatar/plain/did:plc:e52rnklifyv66bmrx5c2agty/bafkreic3pjity2zaczc3sbmfmpcz37odjq77zkwgqug4k7uvuktyur7csu@jpeg,did:plc:e52rnklifyv66bmrx5c2agty
at://did:plc:xhcdoc255sov2mk2c7lve4ku/app.bsky.feed.post/3l5ax7rex5g2d,bafyreibzduoh2tszoljzhuytjyspxdb4nq2wutxaspvbfabskl5rlrfs2i,Na chatabata falta loucura esse blazer de Kamala Harris n√£o vai vencer a loucura dos tropicos,2024-09-29T00:37:35.297Z,0,0,2,miticius.bsky.social,miticius,https://cdn.bsky.app/img/avatar/plain/did:plc:xhcdoc255sov2mk2c7lve4ku/bafkreiakk5gwundwlrbgkdq5gegcxqvpmmipnudjomulka74tnr4gb7y7e@jpeg,did:plc:xhcdoc255sov2mk2c7lve4ku
at://did:plc:rozpmr7ygbi2u5d6rmoumtia/app.bsky.feed.post/3l5awgrdk342y,bafyreib7waiju45qcmjayk57hp65kaikxuqj2brvmtgmmzzmrrjqkdc7pu,"vamos abrir uma unica exce√ß√£ozinha da regra de chamar por apelidos s√≥ pra ""chatabata"" pfvr",2024-09-29T00:23:37.430Z,0,0,0,lixogravura.bsky.social,Zelda Trar√° Novos Puzzles,https://cdn.bsky.app/img/avatar/plain/did:plc:rozpmr7ygbi2u5d6rmoumtia/bafkreifoiapv7xf5ky2z5rvosyhz7glzhz4ipsuhsauq56l6kqo2ztw5pe@jpeg,did:plc:rozpmr7ygbi2u5d6rmoumtia
at://did:plc:4p5d2izxyuh4hlr25lnbineh/app.bsky.feed.post/3l5av6xzhv22z,bafyreibuxc4efpnoegj4kpm7xnp2w5yosnfgawxhyqenwtyr24mvzynx4m,chatabata amaral do caralho,2024-09-29T00:01:20.493Z,0,0,0,cillixnghost.bsky.social,dreza ‚ú®,https://cdn.bsky.app/img/avatar/plain/did:plc:4p5d2izxyuh4hlr25lnbineh/bafkreicn572zmzd7ft6vdihb3lkohgrupl4kqlpxnveclk572nwnhzrfeu@jpeg,did:plc:4p5d2izxyuh4hlr25lnbineh
at://did:plc:rkhednaksihsojnoifx44fnt/app.bsky.feed.post/3l5av2larnr2y,bafyreigzqc7o5x2cnvosyvbzjpu2xrkl5ikk3k6y4owsebjdl3rf5nvuda,como a chatabata t√° despeitada do boulos estar em #1 nas pesquisas #debatenarecord,2024-09-28T23:58:54.640Z,0,0,4,julianamoreira.bsky.social,jude VAI VER O PAUL PELA 3¬™ VEZ,https://cdn.bsky.app/img/avatar/plain/did:plc:rkhednaksihsojnoifx44fnt/bafkreicctxayvtdplgcindokpee4rmdckg4pnoywdrep2uzaqbf44anqem@jpeg,did:plc:rkhednaksihsojnoifx44fnt
at://did:plc:otdh4yadzyqgrah2vrngzras/app.bsky.feed.post/3l552z3suiz2b,bafyreihvyicg7oe26ijyoblkvya3yoiz6oj53ybxlhrmayzpociz4nzjgq,ChaTABATA,2024-09-27T11:34:47.934Z,0,0,0,fabiosvaz.bsky.social,#BlackPill ,https://cdn.bsky.app/img/avatar/plain/did:plc:otdh4yadzyqgrah2vrngzras/bafkreigdko34tjszleqrjtfncglbgk7vhs2iifb2iaypuqfzncm27jjdq4@jpeg,did:plc:otdh4yadzyqgrah2vrngzras
at://did:plc:rkhednaksihsojnoifx44fnt/app.bsky.feed.post/3l52wqq5ne42r,bafyreidjzenaizz7prhjaku5kogsdlqgld2le4gbsd2wr4emxcpdk5fxua,a chatabata assim no segundo turno,2024-09-26T15:13:13.268Z,1,1,2,julianamoreira.bsky.social,jude VAI VER O PAUL PELA 3¬™ VEZ,https://cdn.bsky.app/img/avatar/plain/did:plc:rkhednaksihsojnoifx44fnt/bafkreicctxayvtdplgcindokpee4rmdckg4pnoywdrep2uzaqbf44anqem@jpeg,did:plc:rkhednaksihsojnoifx44fnt
at://did:plc:snj4kzzuckcy26cm67bo5jpz/app.bsky.feed.post/3l4zuax5hye2h,bafyreibc534kspmr7yxtahk2n4jngkhvl2dp63toenkhnzas2mdecwa3aq,"Falar palavr√£o pode, n√©, Chatabata?",2024-09-26T04:55:56.874Z,0,0,0,cristianevarjo1.bsky.social,Cristiane Costaü¶â‚ú®,https://cdn.bsky.app/img/avatar/plain/did:plc:snj4kzzuckcy26cm67bo5jpz/bafkreidwkl37mukstfgoskdb5724dkjaygmh77ud3qulsuo3h3zclizwgy@jpeg,did:plc:snj4kzzuckcy26cm67bo5jpz
at://did:plc:2svooiw3lxjfdh4gj3uq3beh/app.bsky.feed.post/3l4zp2r6cs227,bafyreieguuercv2zzrhtmikw6emnenjzm3y23dbrrepuo5bhrgycofxndu,Chatabata!!! Demais affff,2024-09-26T03:23:00.207Z,0,0,1,haryat.bsky.social,Haryat,https://cdn.bsky.app/img/avatar/plain/did:plc:2svooiw3lxjfdh4gj3uq3beh/bafkreife7asdddr33vg5ul3aqvtqch3vlpqbayrs5heot4axcpvqezvjnu@jpeg,did:plc:2svooiw3lxjfdh4gj3uq3beh
at://did:plc:s3mrzra3whsmvekmgocmeyij/app.bsky.feed.post/3l4zjeup3qv2e,bafyreifmqa5issqoou6eqnzea467paffsm6ky55wv4g5thtkitus5dmheu,Que merda. Eles tinham que ter doado para o Boules ou para o Bananinha ou para a Chatabata. Kkkk,2024-09-26T01:41:16.368Z,0,0,0,clebermoura.bsky.social,,https://cdn.bsky.app/img/avatar/plain/did:plc:s3mrzra3whsmvekmgocmeyij/bafkreihskb7v5nlj3zdhul5wald7f52wzv27lu2xhnzumt7plcel6ajkfa@jpeg,did:plc:s3mrzra3whsmvekmgocmeyij
at://did:plc:s3mrzra3whsmvekmgocmeyij/app.bsky.feed.post/3l4zjbrpn7u2s,bafyreig3qm4gvbfw75fjdiox3ezmjzfgmbe55hpx777sxws6we3nqxcqdm,"Verdade, eles tinham que doar para o Boules ou para o Bananinha ou para Chatabata. Kkkkk",2024-09-26T01:39:32.669Z,4,0,0,clebermoura.bsky.social,,https://cdn.bsky.app/img/avatar/plain/did:plc:s3mrzra3whsmvekmgocmeyij/bafkreihskb7v5nlj3zdhul5wald7f52wzv27lu2xhnzumt7plcel6ajkfa@jpeg,did:plc:s3mrzra3whsmvekmgocmeyij
at://did:plc:3gz4luqpsukbdxsibjeog6y7/app.bsky.feed.post/3l4zav3nrbg2k,bafyreicrvoo7yspxluta5fcxupt6mdjrbadjqbnqyegf7b2imvpx2yztji,"Chatabata falou ""FDP"".",2024-09-25T23:09:17.514Z,0,0,7,danilocmlp.bsky.social,Danilo,https://cdn.bsky.app/img/avatar/plain/did:plc:3gz4luqpsukbdxsibjeog6y7/bafkreibzfvztk65l3yfzaswm2bhvlcipqlncui5zcyqzvztp5qvlheg3qa@jpeg,did:plc:3gz4luqpsukbdxsibjeog6y7
at://did:plc:3fg5jhorsrqqqthn5wbpb27z/app.bsky.feed.post/3l4za6hv4rt2g,bafyreigchj25afus5smfbttfpmxiaxargu5ilgtnieyaywdf7uev3y4neq,queria que o pablo servi√ßal namorasse a chatabata #enemiestolovers üòøüòøüòø,2024-09-25T22:56:38.122Z,0,0,1,ddudecs.bsky.social,‚ô°‚Äß‚ÇäÀö ‚Ü± mavi! ìÉ†,https://cdn.bsky.app/img/avatar/plain/did:plc:3fg5jhorsrqqqthn5wbpb27z/bafkreiaovgsovtuimcib6nvr6whgoeedzryqr4k5ho2xvzinuzyslxahai@jpeg,did:plc:3fg5jhorsrqqqthn5wbpb27z
at://did:plc:yle7wlosrbk4z24z4lyg222j/app.bsky.feed.post/3l4ytwma2bt2b,bafyreidg242apbuia36djo5afzhkcczpkdfqjox34ekbtnfk2jiyzopiii,Pqp esse cara √© chato igual a Chatabata,2024-09-25T19:17:29.489Z,1,0,0,nik24.bsky.social,q show da Xuxa √© esse ?,https://cdn.bsky.app/img/avatar/plain/did:plc:yle7wlosrbk4z24z4lyg222j/bafkreigrmv4ymujon5yspwvwgjtw5665si2jd57lthz5l6y5balhsqhzpy@jpeg,did:plc:yle7wlosrbk4z24z4lyg222j
at://did:plc:gyjbww5lfllbbehraol7ilqi/app.bsky.feed.post/3l4ybatlzea24,bafyreibpc6kkatlfxbk4mtwfduo44zi6fincnxrcu23sk7hnhsn53yi34m,Queria namorar com a Chatabata Amaral,2024-09-25T13:43:11.368Z,0,0,0,palhocensezika.bsky.social,Palhocense,https://cdn.bsky.app/img/avatar/plain/did:plc:gyjbww5lfllbbehraol7ilqi/bafkreihdnaskssyazzufm3d252gh3fsgfxvjifugoflrj25anij3ob2wrq@jpeg,did:plc:gyjbww5lfllbbehraol7ilqi
at://did:plc:bs44dcmmirg7mr3kezo5slog/app.bsky.feed.post/3l4xvjrtzd524,bafyreiheg4ncfslthei55xnair2y6g3sgd34byv7ol7v5353i3xdq2mjjm,A Chatabata n√£o surpreende ningu√©m üòíü§∑‚Äç‚ôÄÔ∏è se √© por falta de adeus üëã j√° deveria ter ido üôÑ,2024-09-25T10:13:26.796Z,0,0,2,vall.bsky.social,Val ,https://cdn.bsky.app/img/avatar/plain/did:plc:bs44dcmmirg7mr3kezo5slog/bafkreiet2exhjekqtgvnzm2qtwoojv35yoshmzvqwjix2zx7perkux7c7m@jpeg,did:plc:bs44dcmmirg7mr3kezo5slog
at://did:plc:xsrjv6ysskst2omuwckvk32a/app.bsky.feed.post/3l4wrtvadet2w,bafyreieeap4wvp7dsn7otecsplmzja4hromhwxhvgky6whnf5ekmznhfte,"chatabata
pablito
bolis
estelionatario de velhinhos
comedor de a√ß√∫car
picareta",2024-09-24T23:34:51.556Z,0,0,0,re4lpcy.bsky.social,Venna,https://cdn.bsky.app/img/avatar/plain/did:plc:xsrjv6ysskst2omuwckvk32a/bafkreicoholl2cepr2edu33hiekhhrrvhtaebawskqz3pqwuokoy2bjfla@jpeg,did:plc:xsrjv6ysskst2omuwckvk32a
at://did:plc:h3youqiszdt5hnuzlm7us2h4/app.bsky.feed.post/3l4wcedu6bu2h,bafyreic2jcg27bibei63cgsbh7rd2d4o6s3suennoxdlu7rlrdi5tewtiy,"Quero ver ...no segundo turno ...

Se o candidato de estima√ß√£o ..precisar do apoio da ' chatabata'...

Vai ficar feio ...bem feio ...ter decretado que a Tabata √© de direita,  bolsonarista e chata .",2024-09-24T18:57:43.717Z,1,0,0,anacavalcanti58.bsky.social,Ana Cavalcanti,https://cdn.bsky.app/img/avatar/plain/did:plc:h3youqiszdt5hnuzlm7us2h4/bafkreibo3nvpmuheknfwsw7ebfxj5ruoj6bfa7v3wae7wnuz2v566c2gji@jpeg,did:plc:h3youqiszdt5hnuzlm7us2h4
at://did:plc:yle7wlosrbk4z24z4lyg222j/app.bsky.feed.post/3l4wbobubt22v,bafyreifkjk727fdcqac4uuv35hk5nqkwegjlynx3rj45brlhquccsupwwq,"O legal dos eleitor da Chatabata √© que eles sao tao chatos quanto ela, acho real que rola uma identificacao ne tia",2024-09-24T18:45:23.638Z,1,0,0,nik24.bsky.social,q show da Xuxa √© esse ?,https://cdn.bsky.app/img/avatar/plain/did:plc:yle7wlosrbk4z24z4lyg222j/bafkreigrmv4ymujon5yspwvwgjtw5665si2jd57lthz5l6y5balhsqhzpy@jpeg,did:plc:yle7wlosrbk4z24z4lyg222j
at://did:plc:ygsiuidqn7vpyvrbklacdjtg/app.bsky.feed.post/3l4wbeoq7rk2u,bafyreie2dc46ttnbrpzdqyiwvjpdn4u55mifbyg7cjryck7zfwxhuc3fbu,O$ apoio$ a Chatabata $√£o $incero$...,2024-09-24T18:40:01.501Z,0,2,4,marcosnunes.bsky.social,MarcosNunes,https://cdn.bsky.app/img/avatar/plain/did:plc:ygsiuidqn7vpyvrbklacdjtg/bafkreie6wgmsdueusb5eje4yg7puutj4t4du75saglzkabkwb4guk6o7ae@jpeg,did:plc:ygsiuidqn7vpyvrbklacdjtg
at://did:plc:6unkx2mlx3ap432rkmhorfdg/app.bsky.feed.post/3l4wa33ny5k2q,bafyreib4isijwggp4hkyerrhd36dtsn4bwz6r77phm77cryhpms5vkolai,"Olha o que o filha da puta do Mar√ßal me obrigando a concordar com a Chat√°bata!
O pior √© que todos os debates H√Å ANOS s√£o s√≥ isso mesmo, momentos para gerar cortes, memes e audi√™ncia, nunca mais se tratou de debater de fato as propostas de cada candidato. √â apenas o circo sem p√£o. ü§¶üèª‚Äç‚ôÇÔ∏èü§¶üèª‚Äç‚ôÇÔ∏èü§¶üèª‚Äç‚ôÇÔ∏è",2024-09-24T18:16:45.864Z,0,0,1,onik49e.bsky.social,Onik49e,https://cdn.bsky.app/img/avatar/plain/did:plc:6unkx2mlx3ap432rkmhorfdg/bafkreieusv4jyu7uuib5nohewu5gvuzj2f3cejwww4jmq2fjnvdfh45npq@jpeg,did:plc:6unkx2mlx3ap432rkmhorfdg
at://did:plc:wxgzsqe5q3etosvp3no7mwed/app.bsky.feed.post/3l4w5uecmtf2c,bafyreihpc5n7svlqhasq3pwtxkhrfhabujcnkfbniwcaez2ad37ytl2cfe,Que merda!! Tiraram a Chatabata do s√©rio ü§£ü§£ü§£,2024-09-24T17:37:13.621Z,0,0,0,ecosta-7.bsky.social,Ecosta_7,https://cdn.bsky.app/img/avatar/plain/did:plc:wxgzsqe5q3etosvp3no7mwed/bafkreihqvmuyd7ogeukbu5lbw3blulzpxt4n2ldgnnhxhvmcly4xo4go5y@jpeg,did:plc:wxgzsqe5q3etosvp3no7mwed
at://did:plc:jgcc3snl466eyw5fuxbvkoez/app.bsky.feed.post/3l4vyc37jxy2y,bafyreibfvccedu2cjg4mazj7kbefoforkgngbq4zkycmjpyh3lhuw2iabq,"chatabata kkkkkkkkkkkkkk 

Boulos prefeito 50",2024-09-24T15:57:30.970Z,0,0,0,mariofilho.bsky.social,Mario üáµüá∏,https://cdn.bsky.app/img/avatar/plain/did:plc:jgcc3snl466eyw5fuxbvkoez/bafkreifdqxdsom4gywv226xmihhmk4ztx4xz4b7bx7cfhyidodukthnaya@jpeg,did:plc:jgcc3snl466eyw5fuxbvkoez
at://did:plc:eh3r7iim4kemj7kk7xh45vfd/app.bsky.feed.post/3l4vy4owtem2u,bafyreiaiuvbkagb4oykvvb4uuagdasvn62azx3hgmr6g4py2h2elauunoi,"#flowdebate #debate #flow #debateflow #pablomarcal #bolsonaro #bananinha #datena #preso #marcal #esquerda #direita #Lixo #flowlixo #acorda #Brasil #eleicaoprefeiturasp #sp #chatabata #mariahelena #tabataamaral #boules #boulis #boulos #invasor #terra

Acorda povo Brasileiro

youtu.be/LAsq1fnv-hM?...",2024-09-24T15:54:29.673Z,0,0,1,rodrigojok3r022.bsky.social,Rodrigo_Jok3r022,https://cdn.bsky.app/img/avatar/plain/did:plc:eh3r7iim4kemj7kk7xh45vfd/bafkreihxrxdpurfidisk4weplziiy6q4liohvyxqm4jqncyax3putlcima@jpeg,did:plc:eh3r7iim4kemj7kk7xh45vfd
at://did:plc:ygugxtg6szozre2ilbpgog6f/app.bsky.feed.post/3l4vit5ob2y2i,bafyreifihvy3fqrtl4aqq35v4xfbxwljqimdcbsv4bgffks6ishgbtnw74,"Uma an√°lise alienada dessa merece Boulos, Chatabata ou o atual. Merece a porcaria üí© que vive hj",2024-09-24T11:20:42.562Z,0,0,0,saandroo.bsky.social,Sandro Sgobi ,https://cdn.bsky.app/img/avatar/plain/did:plc:ygugxtg6szozre2ilbpgog6f/bafkreihgiti77zglar5hapeqkofnjw6ggy4ymnpntvp2mvx7c7ln4t2feq@jpeg,did:plc:ygugxtg6szozre2ilbpgog6f
at://did:plc:htu55n2ecuaqwq7rtejpkjnt/app.bsky.feed.post/3l4vfdfl3a222,bafyreieobdxcjcbnp6o4n2hmavmrarrtwnx3azmuyvbn5fkeub5ofcpnlu,Ei de concordar com a Chatabata.,2024-09-24T10:18:13.647Z,0,0,0,rugerio.bsky.social,Rug3r10,https://cdn.bsky.app/img/avatar/plain/did:plc:htu55n2ecuaqwq7rtejpkjnt/bafkreicfodxrq4vdr4cyeryhgs775c5sf5xbw76plmcqwbnbbhftmuunzu@jpeg,did:plc:htu55n2ecuaqwq7rtejpkjnt
at://did:plc:htu55n2ecuaqwq7rtejpkjnt/app.bsky.feed.post/3l4vfcsxno32c,bafyreihovj2dwxawnk6qibwne34v5gnq7k64ckpffpzio7zq7iee4ovez4,Ei de concordar com Chatabata.,2024-09-24T10:17:54.166Z,0,0,7,rugerio.bsky.social,Rug3r10,https://cdn.bsky.app/img/avatar/plain/did:plc:htu55n2ecuaqwq7rtejpkjnt/bafkreicfodxrq4vdr4cyeryhgs775c5sf5xbw76plmcqwbnbbhftmuunzu@jpeg,did:plc:htu55n2ecuaqwq7rtejpkjnt
at://did:plc:y7rhkc4szqkuagpwswo3icrb/app.bsky.feed.post/3l4urkusdi52a,bafyreigoxszohgjrc2sikt7ljfjj4isa6gzy4pkxlcp4qy6blpo2yg2jwu,Lembrei desse meme aqui quando vi a Chat√°bata no final kkkkkkkkkkkkkkk,2024-09-24T04:24:31.290Z,0,0,1,patriotadearaque.bsky.social,Patriota de Araque,https://cdn.bsky.app/img/avatar/plain/did:plc:y7rhkc4szqkuagpwswo3icrb/bafkreic2bpapbktnadj6unxaneapa4naxlky7ynikpherjisu56gkwmcca@jpeg,did:plc:y7rhkc4szqkuagpwswo3icrb
at://did:plc:bdzygglsvt3w5okyyqsriwka/app.bsky.feed.post/3l4ur65egpx2n,bafyreiak7hlvok4beuzcvjvcpuuqwej4llsf47zdkiesg44asljnwbj3zq,"A Chat√°bata reclamando que s√≥ v√£o dar aten√ß√£o pro Mar√ßal
A culpa n√£o √© dele que a candidata √© rem√©dio pra ins√¥nia",2024-09-24T04:17:20.883Z,0,0,0,asiarevive.bsky.social,Â§öÁî∞„Ç¢„É≥„Éà„É≥‚õ©Ô∏èüéå‚ò≠‚É† -Íë≠,https://cdn.bsky.app/img/avatar/plain/did:plc:bdzygglsvt3w5okyyqsriwka/bafkreicp3th6h3qaw7nvxptspqbt3yh3be7mqucvc6ozjfo3lvdewflfl4@jpeg,did:plc:bdzygglsvt3w5okyyqsriwka
at://did:plc:za6quo657jxodwazsp43wcqp/app.bsky.feed.post/3l4upejcbhr25,bafyreidqhgfrczxzyt666yqvec7jneaxsqpdwslyxaxgbfh7vuyqgsjlvm,E ainda v√£o cham√°-la de chata. Mas eu sou Chatabata com orgulho! 4Ô∏è‚É£0Ô∏è‚É£‚úÖÔ∏è,2024-09-24T03:45:08.835Z,0,0,0,lucasolii.bsky.social,Lucas Oliveira üáæüá™,https://cdn.bsky.app/img/avatar/plain/did:plc:za6quo657jxodwazsp43wcqp/bafkreifhvojht3mro37vzkk25b2u4uudnq2shm4lexxp7zs4aka6pqtgfe@jpeg,did:plc:za6quo657jxodwazsp43wcqp
at://did:plc:mck45zceiizvj3zd5oqjvzam/app.bsky.feed.post/3l4up4z6cwk2h,bafyreienml4mwmnle7pkrbgkqycnmwpmm4p55wvqc3jgybx2ldw7ohf7ii,Chatabata ataca novamente,2024-09-24T03:40:56.139Z,0,0,4,134099.bsky.social,Fl√°vio Silva santos,https://cdn.bsky.app/img/avatar/plain/did:plc:mck45zceiizvj3zd5oqjvzam/bafkreiazn3u3rpbicnhor3vih2ktab4nlkg2edr6atwoa62gr7ekgjbofu@jpeg,did:plc:mck45zceiizvj3zd5oqjvzam
at://did:plc:za6quo657jxodwazsp43wcqp/app.bsky.feed.post/3l4up2snofp23,bafyreih2ecihhiy4hde6hsgcfr3hx7jcjflr5nctaagwok5gvkdzenyxka,"√â minha cara, isso √© Brasil. E ainda v√£o te chamar de chata. Mas eu sou Chatabata com orgulho! 4Ô∏è‚É£0Ô∏è‚É£‚úÖÔ∏è",2024-09-24T03:39:43.113Z,0,0,0,lucasolii.bsky.social,Lucas Oliveira üáæüá™,https://cdn.bsky.app/img/avatar/plain/did:plc:za6quo657jxodwazsp43wcqp/bafkreifhvojht3mro37vzkk25b2u4uudnq2shm4lexxp7zs4aka6pqtgfe@jpeg,did:plc:za6quo657jxodwazsp43wcqp
at://did:plc:cpggvd77tqus74z2s4l2h4ku/app.bsky.feed.post/3l4uobqx2op27,bafyreiafy7vao4lxxi42cjqopvn7c2eqpd4pxigzt7nruybc2xqbfmdlym,pior q chatabata ta certa...,2024-09-24T03:25:41.362Z,0,0,2,luquita03.bsky.social,luquitaìÇÄ,https://cdn.bsky.app/img/avatar/plain/did:plc:cpggvd77tqus74z2s4l2h4ku/bafkreie2nxdowm733o567w6sk4cglwxndtnpwnwkurmtsozpo4zxpk23mi@jpeg,did:plc:cpggvd77tqus74z2s4l2h4ku
at://did:plc:3gz4luqpsukbdxsibjeog6y7/app.bsky.feed.post/3l4ungupnol2b,bafyreieztsquwyr5ht2t7ysvmr5jbm3ccxflhsnssjrv6ffkf7trspyuwa,"Gente, Chatabata e CUlos n√£o ir√£o ganhar. 
Aceitem logo o Cunes ou o Mar√ßal. Bye.",2024-09-24T03:10:40.445Z,2,0,1,danilocmlp.bsky.social,Danilo,https://cdn.bsky.app/img/avatar/plain/did:plc:3gz4luqpsukbdxsibjeog6y7/bafkreibzfvztk65l3yfzaswm2bhvlcipqlncui5zcyqzvztp5qvlheg3qa@jpeg,did:plc:3gz4luqpsukbdxsibjeog6y7
at://did:plc:ll4otzny5emz7fau4z45tacp/app.bsky.feed.post/3l4ulydvydr2m,bafyreic3oiqduyte3niyjw5bcxtw2z5mtzlk3dyou6hh5hun2f4sl4ylga,"A Chatabata √© insuport√°vel. 
O Nunes um corrupto mentiroso.
O Boulos √© inexperiente e meio iludido, mas parece ter boas inten√ß√µes. 
O Dapena √© um despreparado e desqualificado. 
O Lama√ßal √© megaloman√≠aco. N√£o √© burro, mas tem um ego absurdo e n√£o passa honestidade. 
Aquela do Novo, √© sim burra.",2024-09-24T02:44:39.350Z,2,0,32,mccafe-a-2-reais.bsky.social,Mc Caf√© a 2 reais üáßüá∑üá±üáßüáµüá∏üö©üíªüåø,https://cdn.bsky.app/img/avatar/plain/did:plc:ll4otzny5emz7fau4z45tacp/bafkreih3a3p334n755lnm7dcqgpyroc7pvxyiw3kltrb3vepoo4774dfxy@jpeg,did:plc:ll4otzny5emz7fau4z45tacp
at://did:plc:lrr75knxhno2dm7zvizv3hqb/app.bsky.feed.post/3l4ulnnezae2j,bafyreigdpjxxtjbbzwlifjqnsy25xhfn4k7rwzcq2w6jqjslpkhby3s7dq,Ningu√©m ta falando da chatabata,2024-09-24T02:38:40.093Z,0,0,0,naonoscensure.bsky.social,,https://cdn.bsky.app/img/avatar/plain/did:plc:lrr75knxhno2dm7zvizv3hqb/bafkreifkqkmmrb2afdmnhxlgeolof6p273wbgeh2ax6yairpssku3ij65a@jpeg,did:plc:lrr75knxhno2dm7zvizv3hqb
at://did:plc:yzdblvvdhbhkms6dvvpp3ays/app.bsky.feed.post/3l4ullr6nv62b,bafyreiglvvjdlysgiym3q77bk4plvbfweiarm23uto2ewvp6iclgcuamku,"Algu√©m contando as üí©'s da Chat√°bata?
Perdi a conta aqui.
#DebateNoFlow",2024-09-24T02:37:36.504Z,0,0,1,fadinhamalvada.bsky.social,Fadinha Malvada,https://cdn.bsky.app/img/avatar/plain/did:plc:yzdblvvdhbhkms6dvvpp3ays/bafkreighemjhbjsa4fdqqhri2ymjlsnl7zafuxbkbmo2kqkhnqn7lkluny@jpeg,did:plc:yzdblvvdhbhkms6dvvpp3ays
at://did:plc:wcw6jtqcloxnoqtqfhugdcvh/app.bsky.feed.post/3l4ujttttze2q,bafyreid2lr73l6rkwzxhmy5tfunxdm2qhwp6iykbhpauus7umepjidxjba,Chatabata do varal,2024-09-24T02:06:19.631Z,1,0,1,numsepode152cm.bsky.social,Numsepode de Ummetrimei,https://cdn.bsky.app/img/avatar/plain/did:plc:wcw6jtqcloxnoqtqfhugdcvh/bafkreicdepgivufpg2vnf73eluuw3dmbmzs7k65kaeainea2cdvil6xg5a@jpeg,did:plc:wcw6jtqcloxnoqtqfhugdcvh
at://did:plc:3rzkxvcyokctddbtsm6atgwg/app.bsky.feed.post/3l4ufriczl72z,bafyreidge2zml3waxmzkp46assztqzlikyqhpbgpylckz2dolml6bhhwwa,"Aff pior momento do debate: Boules e Chatabata 2x seguidas

 ü§Æü§Æü§Æü§Æü§Æü§Æü§Æü§Æü§Æü§Æ #DebateFlowNews",2024-09-24T00:53:25.857Z,0,0,1,censorshipinbrazil.bsky.social,,https://cdn.bsky.app/img/avatar/plain/did:plc:3rzkxvcyokctddbtsm6atgwg/bafkreico2d4p5jjhfefl4qfh7da4dgar5fh7wy27ssnvvwsb4u4qtc3hsu@jpeg,did:plc:3rzkxvcyokctddbtsm6atgwg
at://did:plc:opth7b2jhlb6nurlvhbbulqo/app.bsky.feed.post/3l4ucma66lx2v,bafyreiessxy2k3l4k73uswebucmvoz4gajnjgbekmikqtbzuuwk7plwlx4,chatabata,2024-09-23T23:56:49.191Z,0,0,1,tradeando.bsky.social,Tradeando,https://cdn.bsky.app/img/avatar/plain/did:plc:opth7b2jhlb6nurlvhbbulqo/bafkreih5wjtksn4jx5qbs2khzepenurhhy235bcxymmd4egtfosp4rv2ha@jpeg,did:plc:opth7b2jhlb6nurlvhbbulqo
at://did:plc:ueoydra6h3vmncylxkdldvnv/app.bsky.feed.post/3l4ucfpazw52u,bafyreigyvnwrectbgh7muzacijzohz2vhlked6zv2czotexcfzx4aghqn4,a chatabata me lembra uma prima minha tb chata,2024-09-23T23:53:09.375Z,1,0,0,hhhaligh.bsky.social,Jur√≠dico Moo Deng,https://cdn.bsky.app/img/avatar/plain/did:plc:ueoydra6h3vmncylxkdldvnv/bafkreia6nvusen4uuqbkyh56na4wb4nslzgani63kozbgcr4bf3oq6wvuy@jpeg,did:plc:ueoydra6h3vmncylxkdldvnv
at://did:plc:sgz6rlcuqxh744ucipyxxwfn/app.bsky.feed.post/3l4ubfm6oif26,bafyreif6l7vox3i5ndcrhnfw25a23d5x4bifszcy42h2eyzfs56rrvjkv4,chatabata . mp4,2024-09-23T23:35:11.923Z,0,0,0,lucas.sccp.gg,Lucas,https://cdn.bsky.app/img/avatar/plain/did:plc:sgz6rlcuqxh744ucipyxxwfn/bafkreicbpaj7y3ljwuzcrzv4qyw35uhmhbradbmhjqpdhc5wwf44irtk74@jpeg,did:plc:sgz6rlcuqxh744ucipyxxwfn
at://did:plc:yzdblvvdhbhkms6dvvpp3ays/app.bsky.feed.post/3l4ua6fagh224,bafyreigioqdi7wnjudvoiysvzu5escgdinbbljjln2wzrsqy4rynhsvc7e,"'Eu sou mais macho que esses home tudo.'
Chat√°bata Amaral no 
#DebateNoFlowNews",2024-09-23T23:13:16.501Z,1,0,3,fadinhamalvada.bsky.social,Fadinha Malvada,https://cdn.bsky.app/img/avatar/plain/did:plc:yzdblvvdhbhkms6dvvpp3ays/bafkreighemjhbjsa4fdqqhri2ymjlsnl7zafuxbkbmo2kqkhnqn7lkluny@jpeg,did:plc:yzdblvvdhbhkms6dvvpp3ays
at://did:plc:irmk2g3nxv63arxsyx6uijin/app.bsky.feed.post/3l4u7j5tdpn2b,bafyreieknicvg6psmhjfl3yiwhzpazls5grn7zbq3ychkqdnbdfjb5d4wm,"A√≠ gente esse sorriso dela dps q o Mar√ßal chamou ela de ""Chatabata"", que muie linda pqp",2024-09-23T23:01:25.004Z,0,0,0,ryahmn.bsky.social,Ryahmn,https://cdn.bsky.app/img/avatar/plain/did:plc:irmk2g3nxv63arxsyx6uijin/bafkreibzkzv7pjidiobivbwebty4o2jvtxpfmew2osd2e7jgbqmych2o3y@jpeg,did:plc:irmk2g3nxv63arxsyx6uijin
at://did:plc:o7awuobkaqgfo6t5tf77ctkz/app.bsky.feed.post/3l4u77rmh7z2a,bafyreibzymeii62nd5cf65zkemfcewqknuhsx4g2xnlfo5gvmlhe42jdn4,"N√£o aguento a Tabata dizendo q √© a √∫nica adulta da sala e √∫nica a falar sobre proposta pra ESSP√ä!
n√£o a toa a bixa √© chamada de CHATABATA!
essa √© MALA com ou sem proposta 

#DebateFlow",2024-09-23T22:56:09.893Z,0,0,0,manablue.bsky.social,Mana ,https://cdn.bsky.app/img/avatar/plain/did:plc:o7awuobkaqgfo6t5tf77ctkz/bafkreibvlnwwuvaimfr6wd2gc4xibc2ahqa4tyoaoyexjlk4jenabfss4y@jpeg,did:plc:o7awuobkaqgfo6t5tf77ctkz
at://did:plc:tu4gpnlydcoujl3bni3556ct/app.bsky.feed.post/3l4u76mp4in2e,bafyreiajuaoo7ln4zkoktsehiakbodjoidpux4dbch7odyjhez2a2k2r5i,"Se querer o melhor pra S√£o Paulo √© ser chata, prazer Chatabata Amaral. 

#DebateNoFlowNews",2024-09-23T22:55:30.667Z,3,3,38,tabatamaralsp.bsky.social,Tabata Amaral 4Ô∏è‚É£0Ô∏è‚É£,https://cdn.bsky.app/img/avatar/plain/did:plc:tu4gpnlydcoujl3bni3556ct/bafkreiav7qr6z56saoe3hn5te3w6zajsowpxu4wtiuq3wmdzbn2do5et44@jpeg,did:plc:tu4gpnlydcoujl3bni3556ct
at://did:plc:jgitmt22zhdkk2gbj2nsuhw2/app.bsky.feed.post/3l4u6tt5yka2a,bafyreiaukjxkpvxqwsebvzqu2gv7znirmnoitbfseh46xqa4rotaoopudy,"a tabata adotou o apelido CHATABATA

acho q rolou uma afinidade entre ela e o mar√ßal

eles eram arquirrivais e tao virando amigos üòç",2024-09-23T22:49:32.179Z,0,0,0,jks1.bsky.social,JKS,https://cdn.bsky.app/img/avatar/plain/did:plc:jgitmt22zhdkk2gbj2nsuhw2/bafkreidicwiuiambbo72icchluddpzrw7hj4c255o75jw4w7r2qugki6o4@jpeg,did:plc:jgitmt22zhdkk2gbj2nsuhw2
at://did:plc:o767omcn2yw7eidzun5yacio/app.bsky.feed.post/3l4u6ukfpfu2b,bafyreiagl6nbtghwd35asrsz7jhnolcbct6c5y2tw7e2lyqhiuygpthglu,o mulherzinha chata (Chatabata),2024-09-23T22:49:08.538Z,0,0,0,rebecagons.bsky.social,Rebeca Gon√ßalves ,https://cdn.bsky.app/img/avatar/plain/did:plc:o767omcn2yw7eidzun5yacio/bafkreibjfgj4szkmioxdv3ewq24wru5vn2xvrisctoqg4rgssnx6mzykeu@jpeg,did:plc:o767omcn2yw7eidzun5yacio
at://did:plc:qxggbkb4dxuv6lrrco6qtnai/app.bsky.feed.post/3l4tuhsgop62m,bafyreiduwjrufrbr2x3vwpkmjitsiml3jglkvyaettn2qfm27wdbijhgkm,Shipp do m√™s: Mar√ßal e Chatabata,2024-09-23T19:43:47.646Z,0,0,0,buttonwish.bsky.social,A melhor alco√≥latra que vc vai conhecer ,https://cdn.bsky.app/img/avatar/plain/did:plc:qxggbkb4dxuv6lrrco6qtnai/bafkreifaertqdppik6smdlfexiaaj3fpyv5o7ormbogohufoktcaxx2nny@jpeg,did:plc:qxggbkb4dxuv6lrrco6qtnai
at://did:plc:7tc4rc56yarcprlu6pbq7gjl/app.bsky.feed.post/3l4s4n2wkoe2l,bafyreigu4rojz3crxte2h4nfscklotjqpppsloqfctube7fcoffs4zmlq4,Ch√°tabata Kkkkkkkkkkkkkk,2024-09-23T03:04:33.954Z,0,0,0,eucauaglv.bsky.social,EuCau√£,https://cdn.bsky.app/img/avatar/plain/did:plc:7tc4rc56yarcprlu6pbq7gjl/bafkreic55fbolhoatcral4toetocvhjswulpwfpb6utderus7ezozi632q@jpeg,did:plc:7tc4rc56yarcprlu6pbq7gjl
at://did:plc:af5sqsfvicgtwpo5ch6dzm2l/app.bsky.feed.post/3l4pceqsh3g2i,bafyreigeq2lj2aglrnenbko2mejgtypybmpwnxqdhqgprpuegcykxs57re,Acho a Chatabata mais falsa que nota de 600.,2024-09-22T00:09:18.073Z,0,0,0,marineideleo01.bsky.social,,https://cdn.bsky.app/img/avatar/plain/did:plc:af5sqsfvicgtwpo5ch6dzm2l/bafkreibsgttjwkt6hn3tkasioter5vcxa73mgm7cko2t5t4e3jcdojx6pu@jpeg,did:plc:af5sqsfvicgtwpo5ch6dzm2l
at://did:plc:uxbwnfq4f3wyxxrghsps3o6c/app.bsky.feed.post/3l4pb6ctmkf2f,bafyreidvgw2jcoim6fhwy7xqg3ermwp3vjorswwibnby65dabxjhtqah2m,"Chatabata Amaral, a pior no lugar,  
Fala bonito, mas s√≥ vem pra enganar,  
Hip√≥crita e chata, n√£o cola mais,  
Promete o c√©u, mas n√£o traz paz.  
Demagoga demais, s√≥ sabe iludir,  
Os pobres esperando, sem ver o porvir,  
Na hora do voto, √© s√≥ enche√ß√£o,  
Cuidado, meu povo, com essa ilus√£o!",2024-09-21T23:47:48.032Z,0,0,1,popularchenko.bsky.social,POPULARCHENKO,https://cdn.bsky.app/img/avatar/plain/did:plc:uxbwnfq4f3wyxxrghsps3o6c/bafkreibbs4yamptruly7dpoxwizq2kssjvpzodn7sg6ubuzkyq7nuig5yi@jpeg,did:plc:uxbwnfq4f3wyxxrghsps3o6c
at://did:plc:uxbwnfq4f3wyxxrghsps3o6c/app.bsky.feed.post/3l4pb4clqg427,bafyreiewamacsypfdvwqnwt6dvhwrom6p5ferzpfiu6nlbhqyntmy76h3y,"Chatabata Amaral, a pior no lugar,  
Fala bonito, mas s√≥ vem pra enganar,  
Hip√≥crita e chata, n√£o cola mais,  
Promete o c√©u, mas n√£o traz paz.  
Demagoga demais, s√≥ sabe iludir,  
Os pobres esperando, sem ver o porvir,  
Na hora do voto, √© s√≥ enche√ß√£o,  
Cuidado, meu povo, com essa ilus√£o!",2024-09-21T23:46:40.642Z,0,0,6,popularchenko.bsky.social,POPULARCHENKO,https://cdn.bsky.app/img/avatar/plain/did:plc:uxbwnfq4f3wyxxrghsps3o6c/bafkreibbs4yamptruly7dpoxwizq2kssjvpzodn7sg6ubuzkyq7nuig5yi@jpeg,did:plc:uxbwnfq4f3wyxxrghsps3o6c
at://did:plc:uxbwnfq4f3wyxxrghsps3o6c/app.bsky.feed.post/3l4p34y5gkc2f,bafyreid4qka367qeol5b3hbex3qi6iv2k62lc6h4xnfpo2zislkf54t3ai,CHATABATA FAZENDO ESCOLA,2024-09-21T21:59:40.856Z,0,0,1,popularchenko.bsky.social,POPULARCHENKO,https://cdn.bsky.app/img/avatar/plain/did:plc:uxbwnfq4f3wyxxrghsps3o6c/bafkreibbs4yamptruly7dpoxwizq2kssjvpzodn7sg6ubuzkyq7nuig5yi@jpeg,did:plc:uxbwnfq4f3wyxxrghsps3o6c
at://did:plc:2nytiyhfzlagbtahugiz6w56/app.bsky.feed.post/3l4opht73ln2t,bafyreid3ff5nvam5bck2nrhr6lueeaqzv2pnrybzx6hcnu7jsatf5gdfom,"Bananinha, Dapena, Comedor de a√ß√∫car, Chat√°bata e agora Goiabinha. O Pablo Mar√ßal √© o maior 71. Dito isso, n√£o d√° pra negar que ele sabe dar apelido pros advers√°rios. Bom pra caralho",2024-09-21T18:31:00.863Z,0,0,0,jhenriqueleite.bsky.social,Z√©,https://cdn.bsky.app/img/avatar/plain/did:plc:2nytiyhfzlagbtahugiz6w56/bafkreieipcfuw373jasyaf7gdabz6umrbyo6dt72geo3zdkjghnc7e3hqy@jpeg,did:plc:2nytiyhfzlagbtahugiz6w56
at://did:plc:bvqfbzj6vwd5glzp64ks3jzw/app.bsky.feed.post/3l4o4giq6rt2a,bafyreibu6p2bvxacxoilexjyczevtkuqcs2x6ugdyxx74uggai5dh3zbny,Vrnc o mar√ßal chamando a tabata de CHATABATA,2024-09-21T12:50:15.162Z,0,0,0,cercaled.bsky.social,Eduardo,https://cdn.bsky.app/img/avatar/plain/did:plc:bvqfbzj6vwd5glzp64ks3jzw/bafkreicjijh2e32n6quwn6kegudtygi636bin46tscrtcl7gg223kfexcm@jpeg,did:plc:bvqfbzj6vwd5glzp64ks3jzw
at://did:plc:24fmp4l5hanzogyylbd7xkk6/app.bsky.feed.post/3l4mbvkduvc2g,bafyreidxjiddh4kutyw2pbajcpkiw3ge2rf7j77rqgx7t73xkwjmuorjpa,chatabata eh um apelido t√£o bom,2024-09-20T19:22:49.116Z,0,0,0,guctor.bsky.social,vic/guto,https://cdn.bsky.app/img/avatar/plain/did:plc:24fmp4l5hanzogyylbd7xkk6/bafkreifwgeszz2kpjbgepok32ix5myttf5jljh46bytrinpyhsyhiplrya@jpeg,did:plc:24fmp4l5hanzogyylbd7xkk6
at://did:plc:skyspw5t5wppj4wr4a4tnb4u/app.bsky.feed.post/3l4m5zfduis25,bafyreihp3wn6bbb2mqjk2oc3kiaxzyvaajjuedotgcd7za5ewnpimwm52a,boules chatabata e quico,2024-09-20T18:13:23.465Z,1,0,1,messedupkid.bsky.social,giovanna  ,https://cdn.bsky.app/img/avatar/plain/did:plc:skyspw5t5wppj4wr4a4tnb4u/bafkreidkkbs6pjjwfpuaet3v4zy2gm5xczto6hqah7yso7c2iwz3mk7cfu@jpeg,did:plc:skyspw5t5wppj4wr4a4tnb4u
at://did:plc:zcnq4ihcoocbcuq5dayigid4/app.bsky.feed.post/3l4m43hez4223,bafyreicbxiq6lzmkn2ifmvectpynwfnly52nvmwu6gabg57lrgrhrrxxye,Primeira vez que eu vejo o Mar√ßal falando s√©rio e a chatabata fala q o homem t√° brincando eueheueheeueheh,2024-09-20T17:38:42.300Z,0,0,0,willerxavier.bsky.social,Willer Xavier,https://cdn.bsky.app/img/avatar/plain/did:plc:zcnq4ihcoocbcuq5dayigid4/bafkreictqldklhvyss5gfrvauzc7p3oxl7jqova6xfgijrxr4xfs4kgmem@jpeg,did:plc:zcnq4ihcoocbcuq5dayigid4
at://did:plc:zb5oq6r4bi6r7n3gv63aez4y/app.bsky.feed.post/3l4lxek5kdk2c,bafyreiaen5lbumvctztahzr5daaj6lvm6hh4zfevb46o7riden5dpz4zuq,"A CHATABATA n√£o desiste, tadinha ü§£ü§£ü§£ü§£ü§£ü§£ü§£ü§£ü§£",2024-09-20T16:14:22.015Z,1,0,0,ladybi.bsky.social,XANDECA MUSK,https://cdn.bsky.app/img/avatar/plain/did:plc:zb5oq6r4bi6r7n3gv63aez4y/bafkreiesefdtzntplrrnmbptdxcabgiswnkm6pb5jyolluatskw2u2yyni@jpeg,did:plc:zb5oq6r4bi6r7n3gv63aez4y
at://did:plc:ugf7uksoc2ebawmyivlklhad/app.bsky.feed.post/3l4lwfxzqlk2x,bafyreidercoo4yerdcenacbixx5jfgcxx2vumr7h7ei5hjcbrgyktvtwam,"Essa Chatabata √© contra o trabalhador brasileiro, sua carinha n√£o engana ningu√©m. E ela fala com os bra√ßos descendo pra baixo, parece um rob√¥. #debateNovaBrasil",2024-09-20T15:57:16.574Z,0,0,0,monalisafiota.bsky.social,,https://cdn.bsky.app/img/avatar/plain/did:plc:ugf7uksoc2ebawmyivlklhad/bafkreigis67smvkckgn72ocry55bcirj3dmwtx6jrnkwxlla2rzs6pu5ue@jpeg,did:plc:ugf7uksoc2ebawmyivlklhad
at://did:plc:vfyxfffcg3a5rmxqnsb4w4xa/app.bsky.feed.post/3l4luf6sp2c2x,bafyreigsmdwz2qylkn4pague65eox5ocvjv53kw5dc7u6jw3mq6nb5b2eu,"Chatabataü•±

#DebateSBT",2024-09-20T15:21:02.395Z,0,0,0,anandarise.bsky.social,Ananda Rise ,https://cdn.bsky.app/img/avatar/plain/did:plc:vfyxfffcg3a5rmxqnsb4w4xa/bafkreieqnti52twl23srxn3sjcj5jftv5qsxqyr2ouzutbrifhqzcmmpni@jpeg,did:plc:vfyxfffcg3a5rmxqnsb4w4xa
at://did:plc:6mfeos3ixtllw4gcq7cxmt2l/app.bsky.feed.post/3l4luf6br2k27,bafyreicdln7aqgf2btnu7ekrewjkzok32i24jj4mpzvi2s53dc3o6kycvy,a burrice da chatabata √© surpreendente,2024-09-20T15:21:01.823Z,0,0,0,kawanmatos.bsky.social,kawan¬π·∂ú·µâ·∂úüèéÔ∏èü¶ä,https://cdn.bsky.app/img/avatar/plain/did:plc:6mfeos3ixtllw4gcq7cxmt2l/bafkreibc3afqnhrhjvhv5gchsyp26sypgqxwb76z4kjo37nsi2fp5xtp7i@jpeg,did:plc:6mfeos3ixtllw4gcq7cxmt2l
at://did:plc:ivt45em2bxlola25tkhowqmg/app.bsky.feed.post/3l4lsoqww722q,bafyreigjwph7s6ctbpw65fe6vpybo2bs2irj32rfy7mhceqv3bxyp6iwhq,#CHAT√ÅBATA,2024-09-20T14:48:18.019Z,0,0,0,tarot21.bsky.social,,https://cdn.bsky.app/img/avatar/plain/did:plc:ivt45em2bxlola25tkhowqmg/bafkreid5xd7nhcgcnwgzwuh7yvdop4cd5gsjhoboecv5ivamzpuxh6a6mi@jpeg,did:plc:ivt45em2bxlola25tkhowqmg
at://did:plc:gbmfgqdvsue3zapu333klkab/app.bsky.feed.post/3l4ls3uqlxc23,bafyreifcbotqh6swzaejqy4dbeb4gxqd7fs2viwj7akjk56swozqnx4ska,Chatabata amassando o Mar√ßal #DebateSBT,2024-09-20T14:40:02.373Z,0,0,0,eitaluccas.bsky.social,luccas ,https://cdn.bsky.app/img/avatar/plain/did:plc:gbmfgqdvsue3zapu333klkab/bafkreigte3j67qpwt6yaoefy6dzy6edkzu6fthxfl777pcvklgn5sggstm@jpeg,did:plc:gbmfgqdvsue3zapu333klkab
at://did:plc:ygsiuidqn7vpyvrbklacdjtg/app.bsky.feed.post/3l4jth6h3pp2y,bafyreicjmgieeiqex5gfpl4v3kikvjgbkmfbht2sgypdw57ypf2r7bshh4,"Milagre ser√° Boulos vencer Nunes, que luta contra uma estigmatiza√ß√£o absurda e em paralelo com a falta de consci√™ncia pol√≠tica dos paulistas, capazes de votar num prefeito envolvido com putarias mis, e que herdar√° os votos de Lamar√ßal, Dapena e Chatabata. Gostaria de me enganar, mas n√£o vejo como.",2024-09-19T19:58:55.536Z,0,0,8,marcosnunes.bsky.social,MarcosNunes,https://cdn.bsky.app/img/avatar/plain/did:plc:ygsiuidqn7vpyvrbklacdjtg/bafkreie6wgmsdueusb5eje4yg7puutj4t4du75saglzkabkwb4guk6o7ae@jpeg,did:plc:ygsiuidqn7vpyvrbklacdjtg
at://did:plc:ygsiuidqn7vpyvrbklacdjtg/app.bsky.feed.post/3l4jtgrbz2z2o,bafyreidfcs6lfykuh23hgxih5rwi3jnwl2n4ccq5fhfe2irk6v2nmedgti,"Milagre ser√° Boulos vencer Nunes, que luta contra uma estigmatiza√ß√£o absurda e em paralelo com a falta de consci√™ncia pol√≠tica dos paulistas, capazes de votar num prefeito envolvido com putarias mis, e que herdar√° os votos de Lamar√ßal, Dapena e Chatabata. Gostaria de me enganar, mas n√£o vejo como.",2024-09-19T19:58:42.193Z,1,0,2,marcosnunes.bsky.social,MarcosNunes,https://cdn.bsky.app/img/avatar/plain/did:plc:ygsiuidqn7vpyvrbklacdjtg/bafkreie6wgmsdueusb5eje4yg7puutj4t4du75saglzkabkwb4guk6o7ae@jpeg,did:plc:ygsiuidqn7vpyvrbklacdjtg
at://did:plc:wx7vbeyhzjh3q546ajdxjolw/app.bsky.feed.post/3l4gzxc723x2s,bafyreidqvdmfv24znllljybb5arvyxhbcz33jb66r4jw77ism5gtdbv45y,"V√çDEO ‚Äì Tabata diz que est√° aderindo ao apelido ‚ÄúChatabata‚Äù, criado por Mar√ßal",2024-09-18T17:17:22.230Z,6,4,13,dcmonline.bsky.social,Di√°rio do Centro do Mundo,https://cdn.bsky.app/img/avatar/plain/did:plc:wx7vbeyhzjh3q546ajdxjolw/bafkreiexh76dtg7j26jm5a2fyobpim4rew24ktffqcnevsbb2nep7zv4oi@jpeg,did:plc:wx7vbeyhzjh3q546ajdxjolw
at://did:plc:mv7v7zmtbufir7dxixrc3vis/app.bsky.feed.post/3l4gee3bjsl2p,bafyreidvlf6y3mh6hku2473k5dyartyb5njzbcbsw3yg7svf3eouasbnfq,Chat√°bata,2024-09-18T10:52:01.616Z,0,0,1,batmanlendario.bsky.social,Morceg√£o #anti-lacra√ß√£o #anti-woke #üóøüç∑,https://cdn.bsky.app/img/avatar/plain/did:plc:mv7v7zmtbufir7dxixrc3vis/bafkreiggyfjtz7bcuaoijehysupkianyp66vu7rvoe2taapyrsdryi5hru@jpeg,did:plc:mv7v7zmtbufir7dxixrc3vis
at://did:plc:skex6wewelgbfu4lfy2u75fu/app.bsky.feed.post/3l4eybf3ft42p,bafyreidofpvgzmiocf4rj5b3aif3zzxjw7ixg76z45e5ohdllhynen6mzq,"a ""chatabata""",2024-09-17T21:41:50.009Z,0,0,0,coconut-flavor.bsky.social,victrisüî±,https://cdn.bsky.app/img/avatar/plain/did:plc:skex6wewelgbfu4lfy2u75fu/bafkreiazgatiuqajo3eg7rzld5ttcjgtbpaa23baq3cff46yjky3ydgj2e@jpeg,did:plc:skex6wewelgbfu4lfy2u75fu
at://did:plc:jj6fmkufsr7dmptjg2xsdl7i/app.bsky.feed.post/3l4ewuazhmv2q,bafyreibl6liiskxdaqpts6k5vaxsnmku6yoewjperrzkj47qnnqft3vk3i,"Boules, mais uma Hino Nacional cantado em linguagem neutra e a Chatabata Amaral passa vc.  T√° no caminho certo. Abra√ßo.  ‚ìÇÔ∏è2Ô∏è‚É£8Ô∏è‚É£",2024-09-17T21:19:43.199Z,0,0,1,effonseca.bsky.social,EFFONSECA,https://cdn.bsky.app/img/avatar/plain/did:plc:jj6fmkufsr7dmptjg2xsdl7i/bafkreic2s3ovqegtrs3pntwp2jzhgslu3vn3ed52ovqpznjqao4igsi6ea@jpeg,did:plc:jj6fmkufsr7dmptjg2xsdl7i
at://did:plc:i2notw5ytkxjgudxgmswjoxx/app.bsky.feed.post/3l4elrbo2iu2r,bafyreihjsesntt6awel6rqanxpnvdzhlntwfaub7ypb64spooppzs2e62e,sai do fake chatabata,2024-09-17T17:58:06.284Z,0,0,0,theusgk.bsky.social,,https://cdn.bsky.app/img/avatar/plain/did:plc:i2notw5ytkxjgudxgmswjoxx/bafkreiau4emfyvdn6dx5cbj5ltptzwjebhhaefwos2po4oiutqmcrj6dga@jpeg,did:plc:i2notw5ytkxjgudxgmswjoxx
at://did:plc:3p5uhet2tzhqbwzqsj73h6qw/app.bsky.feed.post/3l4elqk6ia62k,bafyreibotxvwrn4jzbgwo5wuw4uqps24hzz6oypbjdab4nq4yztuxwboim,"Cheirador, Bananinha, Invasor, Chatabata, Velho Playboy, leitor de TP‚Ä¶cara, acho que at√© o Dalai lama teria dado cadeirada",2024-09-17T17:57:40.929Z,0,0,0,gellmam.bsky.social,,https://cdn.bsky.app/img/avatar/plain/did:plc:3p5uhet2tzhqbwzqsj73h6qw/bafkreiahhnl4rxhfps6sl3cfs5hfcywmxtueu3jlwg5enmm7fn57jndzdu@jpeg,did:plc:3p5uhet2tzhqbwzqsj73h6qw
at://did:plc:jj6fmkufsr7dmptjg2xsdl7i/app.bsky.feed.post/3l4egw5jtlm2m,bafyreibylp2p6ogbes47ovnw2sngw5rcphetvpu4n6rsvkctzlm3qqgrcm,"Op√°, a Chatabata n√£o vale o que o gato enterra. ""Procure saber"". Essa √© a amiguinha do Lula, nunca usou a suas emendas parlamentares em prol das pessoas mais simples, mas gosta de um jatinho.",2024-09-17T16:31:20.559Z,1,0,0,effonseca.bsky.social,EFFONSECA,https://cdn.bsky.app/img/avatar/plain/did:plc:jj6fmkufsr7dmptjg2xsdl7i/bafkreic2s3ovqegtrs3pntwp2jzhgslu3vn3ed52ovqpznjqao4igsi6ea@jpeg,did:plc:jj6fmkufsr7dmptjg2xsdl7i
at://did:plc:jj6fmkufsr7dmptjg2xsdl7i/app.bsky.feed.post/3l4egoj2zx42w,bafyreig5rorrrptudoleyaq2j53c4wbbeli3pxwq64223glm4c7gjudg2a,"Debater com quem? Com vc? Vai trabalhar, ou melhor, vai pagar algum boleto. Discutir com um esquerdista √© como jogar xadrez com um pombo, ele vai derrubar todas as pe√ßas, cagar no tabuleiro e depois vai sair dizendo que ganhou. A Chatabata √© mais falsa que uma nota de 3 Reais, e que vozinha chata.",2024-09-17T16:27:04.340Z,2,0,0,effonseca.bsky.social,EFFONSECA,https://cdn.bsky.app/img/avatar/plain/did:plc:jj6fmkufsr7dmptjg2xsdl7i/bafkreic2s3ovqegtrs3pntwp2jzhgslu3vn3ed52ovqpznjqao4igsi6ea@jpeg,did:plc:jj6fmkufsr7dmptjg2xsdl7i
at://did:plc:nsgk26oaho6azxybvonr35qe/app.bsky.feed.post/3l4ebksuwku2s,bafyreihj4nzp42dmr4o3wokrnhvn5jbixhfowxw3tw5oqk3nfjav4rloxq,"Eu acho engra√ßado o apelido que deram a T√°bata: chat√°bata

Como se pol√≠tico tivesse que ser divertido kkkkkkkk

Ser ""chata"", na verdade, √© um m√©rito

Trata-se de uma pol√≠tica s√©ria, n√£o √© como os bobos da c√¥rte",2024-09-17T14:55:30.315Z,0,0,0,esdruxulo.bsky.social,Esdr√∫xulo (45/65),https://cdn.bsky.app/img/avatar/plain/did:plc:nsgk26oaho6azxybvonr35qe/bafkreia2qdobtgsmsjd37c6643sjdh3bzuw3ti7tlcblni7rwi3oicfpga@jpeg,did:plc:nsgk26oaho6azxybvonr35qe
at://did:plc:5htdqxmett4rycdzfgpv2yzg/app.bsky.feed.post/3l4ctr3rr6g24,bafyreiedwox3zwk2sdeul2u2nedgbl4jmf5rwjdcrtlz75r3ymxyyhbsay,Passo mal de rir toda vez q lembro do Marcal chamando a tabata de chatabata,2024-09-17T01:15:49.950Z,0,0,0,bendthwrules.bsky.social,Rafa üèÅ,https://cdn.bsky.app/img/avatar/plain/did:plc:5htdqxmett4rycdzfgpv2yzg/bafkreifcwiqvndu4kgcuamdleuleqcdsxmnepdmijm6wcvm3lck4idjrv4@jpeg,did:plc:5htdqxmett4rycdzfgpv2yzg
at://did:plc:px5ykddmhftqhe5lqmmdmmzl/app.bsky.feed.post/3l4cfj4srdq2z,bafyreic7qiun3gwdqzbrmfha6yuo6adp243qabxnd3odhkqbxposai6b7e,"off do off que eu  dou risada com os apelidos n√≠vel quinta-s√©rie que tem aparecido em SP... D√° Pena, PCC Mar√ß4l, Boules, Chatabata, Bananinha (?)... n√£o d√° pra dizer que n√£o entregaram Casseta & Planeta realness",2024-09-16T21:00:51.090Z,0,0,0,quartahaim.bsky.social,yas,https://cdn.bsky.app/img/avatar/plain/did:plc:px5ykddmhftqhe5lqmmdmmzl/bafkreiaapeh2wskdipjv5rxswqfagx4kn47s32piegh3bzjp3dcvj2prbq@jpeg,did:plc:px5ykddmhftqhe5lqmmdmmzl
at://did:plc:xbfkgjsbiyg55m7pgjlavi2f/app.bsky.feed.post/3l4cakm7kg22d,bafyreifnnhimgohsaiwrqojyo7szmm34iqv5c4tgnmt7lzb6qyzfrvrmku,"Vendo os outros candidatos falarem sobre a cadeirada 
N√£o d√° pra evitar pensar que o apelido de ChaTabata √© adequado 
Detesto gente que se coloca como superior e b√∫ssola moral",2024-09-16T19:32:10.918Z,1,1,2,katt.blog.br,Ana,https://cdn.bsky.app/img/avatar/plain/did:plc:xbfkgjsbiyg55m7pgjlavi2f/bafkreie6tvh6gp2742hjqfg6zoxgoc6f5iqyfasv5rhf2zytlbkgkuaoyi@jpeg,did:plc:xbfkgjsbiyg55m7pgjlavi2f
at://did:plc:o5eojseysv6wrfno3lybybac/app.bsky.feed.post/3l4bvxbokfl2h,bafyreif3woevqxhbf6ypll3ua5wvc7vthndwxp3fz6vthqaxfo3qjwfnkm,"Justamente, dois pesos e duas medidas. Al√©m claro da Chatabata em seguida querer a cassa√ß√£o do candidato, mass a√≠ foi a cadeirada com amor t√° de boa pelo jeito...",2024-09-16T16:22:24.575Z,0,0,3,jefersonlt90.bsky.social,,https://cdn.bsky.app/img/avatar/plain/did:plc:o5eojseysv6wrfno3lybybac/bafkreie5zub56vcg2vg67wirtg5nzsaj4faqclcjedqbpjq5do4626ntwu@jpeg,did:plc:o5eojseysv6wrfno3lybybac
at://did:plc:537k6xecf5rbmweaih65kcdi/app.bsky.feed.post/3l4buwfnxmo26,bafyreigz2kehb4oih4xquvbv2ndrh56b4pdbgsmbzob4jcgre2bizs2q5a,vou votar na chatabata,2024-09-16T16:04:02.806Z,0,0,0,emikka3.bsky.social,gamel,https://cdn.bsky.app/img/avatar/plain/did:plc:537k6xecf5rbmweaih65kcdi/bafkreibdbvub5wcmsm3zfqyxgxl6cuynpzwbfji6zmy3mvakdjrvu2vxru@jpeg,did:plc:537k6xecf5rbmweaih65kcdi
at://did:plc:pxxzkmwknslytbtkwvvgziis/app.bsky.feed.post/3l4bmnnggct2m,bafyreiclatzxcrvj6stuq4pevha4aonhwmf2q74ogycgzindi4htbkk7ye,"Sim, o seu Gumercindo 
porteiro do pr√©dio tamb√©m disse que iria votar na Chatabata porque lembrava uma netinha dele, mas deu d√≥ do mo√ßo que levou uma cadeirada e repensou o seu voto, disse que agora vai fazer o M tamb√©m...

Ta√≠ Dapena, conseguu, 
agora vai ser no 1T

Pablo Mar√ßal SP üáßüá∑",2024-09-16T13:35:56.388Z,0,0,2,getuliosantana.bsky.social,Get√∫lio Santana üáßüá∑,https://cdn.bsky.app/img/avatar/plain/did:plc:pxxzkmwknslytbtkwvvgziis/bafkreiaksn7dduwakd6ezmaxcma7n2c7evizgnw3sgaciit72iycy2vbaq@jpeg,did:plc:pxxzkmwknslytbtkwvvgziis
at://did:plc:2ubukrqfsigani5tt4uiv4e7/app.bsky.feed.post/3l4bl3lpnm32i,bafyreigtli2ghhu4km2bvoooe765nxgrkiclq2imbyud4rrvb73c4oeowq,"Esses  debates para a prefeitura de S√£o Paulo 
Parece muito com a minha 5a s√©rie, no meu tempo de escola 
Mar√ßal √© o engra√ßadinho que inventa apelido 
Chatabata, dapena, cheirador de p√≥ 
Falta maturidade para governar a cidade de s√£o Paulo",2024-09-16T13:07:58.153Z,0,0,0,nicturci.bsky.social,Nic ,https://cdn.bsky.app/img/avatar/plain/did:plc:2ubukrqfsigani5tt4uiv4e7/bafkreidzezeajeolxkbgo5ouodktdqidiwsdpmisbhflw72wvy5wlw4eue@jpeg,did:plc:2ubukrqfsigani5tt4uiv4e7
at://did:plc:d575nsvuo677q6mbs7evdjdr/app.bsky.feed.post/3l4b56s45lk25,bafyreidlzobppqbr3qjmnvdxpboz3mcplby65wjobng5zumlrrpetk57nu,"Agora tudo que eu quero √© a ChaTabata apresentando um linha direta S√ì sobre essa cadeirada. Depoimento de quem manufaturou a cadeira, entrevista com mosaico do cara que colocou a cadeira naquela posi√ß√£o‚Ä¶",2024-09-16T08:59:14.349Z,0,0,0,mazzei.bsky.social,(‚ïØ¬∞‚ñ°¬∞Ôºâ‚ïØÔ∏µ ·¥â«ùzz…êW@,https://cdn.bsky.app/img/avatar/plain/did:plc:d575nsvuo677q6mbs7evdjdr/bafkreiept3u6shqxxuxvq57i5zwxnsenayemtjc7eba5yossaxpxodm4xi@jpeg,did:plc:d575nsvuo677q6mbs7evdjdr
at://did:plc:ypwkvr2uhxy2dpbsvpajzaiu/app.bsky.feed.post/3l4aoxl2xyk2c,bafyreietitutszwgvgscplkkd6hntbfsq6a6lq6vuio2pc3cdspwo4y2ou,o unico acerto deste mar√ßal foi chamar a tabata de chatabata porque esta bixa eh chata mesmo!,2024-09-16T04:44:39.389Z,0,0,2,caiakito.bsky.social,carluxa,https://cdn.bsky.app/img/avatar/plain/did:plc:ypwkvr2uhxy2dpbsvpajzaiu/bafkreif72olb3lirehuzckztitrg5qzklyev25bysnho4hux5bag77e32i@jpeg,did:plc:ypwkvr2uhxy2dpbsvpajzaiu
at://did:plc:7iynpuvglufhvqykokeacjqh/app.bsky.feed.post/3l4alto7qrt2o,bafyreicde3ny6aks7isx2zdspye6fx4rbtaxqrzo5u2sf4jtkvirtuj6wy,"Ai Boulos n√£o vem com essa de bom mo√ßo nao, pra ganhar elei√ß√£o tem q aparecer de alguma maneira (nao necessariamente dando cadeiradakkk), a chatabata ta dando o nome nos videos contra o Mar√ßal e vc nem assunto √©, eles nem est√£o lembrando de voc√™ no rol√™",2024-09-16T03:48:47.577Z,0,0,0,mila-laland.bsky.social,milena,https://cdn.bsky.app/img/avatar/plain/did:plc:7iynpuvglufhvqykokeacjqh/bafkreibcx4azhdswwbs3dxizcm772brg7kuyfsmce3auf665o4pdbowlam@jpeg,did:plc:7iynpuvglufhvqykokeacjqh
at://did:plc:ntlvksboqcycllilondm5crv/app.bsky.feed.post/3l4akp7xxfk2r,bafyreid2erunc2urola7i3zwlu3warcgniofpjazj2satmkmusru7j7nfy,"Lembro a prefeitura 2000 daqui, Marta, En√©as e Maluf trocando elogios kkkk........ sem Datena e Mar√ßal  seria aguentar a Chatabata, Boulos e Nunes trocando tric√¥.",2024-09-16T03:28:14.381Z,0,0,1,willian406.bsky.social,,https://cdn.bsky.app/img/avatar/plain/did:plc:ntlvksboqcycllilondm5crv/bafkreifcxyox7ty2qcfd2d72y4rcu4sdj4uqgq7y6dexpnwkix75btao4m@jpeg,did:plc:ntlvksboqcycllilondm5crv
at://did:plc:dnra2fi5dw6qmfxxrkpefgmi/app.bsky.feed.post/3l4ad5rpwif22,bafyreiemvn4vrf4dy3d44lcomihvk42rqp7gtieuhsu2mlb7g4vhedue4a,"a chatabata falando no debate √© muito ma√ßante...

como a pr√≥pria srta. bira disse num v√≠deo, o povo n√£o quer saber das suas propostas tabata... o povo j√° t√° CANSADO de pol√≠tico que promete e n√£o cumpre",2024-09-16T01:13:23.109Z,0,0,0,brunahipolito.bsky.social,"Crentinha Gretchen, a prefeita de Sodoma e Gomorra",https://cdn.bsky.app/img/avatar/plain/did:plc:dnra2fi5dw6qmfxxrkpefgmi/bafkreie7wy7fpvbobin2u3uh37auluot5ystswbm7dr7fo2vulub4wiijm@jpeg,did:plc:dnra2fi5dw6qmfxxrkpefgmi
at://did:plc:23tdqa5cgagudocqa3b7clkg/app.bsky.feed.post/3l47hslfq6r2a,bafyreigqglytifmryfn6dfrwmthnwhignyjirnmzlej2vlqrbfl2lxol7i,"Odeio o Pablo Mar√ßal, mas ele chamando a T√°bata de Chatabata me tirou um ar do nariz",2024-09-15T17:03:55.776Z,0,0,0,joaodoriadesainha.bsky.social,Apenas uma vagabunda b√°sica ,https://cdn.bsky.app/img/avatar/plain/did:plc:23tdqa5cgagudocqa3b7clkg/bafkreihrztucomxzd7aeq5xmatys32exfkzzcyfv3kjljpfiw3kqi57qcm@jpeg,did:plc:23tdqa5cgagudocqa3b7clkg
at://did:plc:5ifrakplasnm5dxduqljgzue/app.bsky.feed.post/3l47b3tlm5p2e,bafyreigevt5g6gyfb46enghgw2ewh4ceuvic544wp6axgc6t7fe67hmnhi,"D√∫vido que expulse mesmo.

Se o Mar√ßal chamar a @tabatasp.bsky.social de ch√°tabata ele vai ficar no palco? Se chamar o @guilhermeboulos.bsky.social de invasor ou cheirador vai poder ficar l√° que nem no outro debate? 

Ningu√©m vai expulsar o palha√ßo que faz a audi√™ncia subir.",2024-09-15T15:03:50.164Z,0,1,4,prissguerrero1.bsky.social,Priss Guerrero - The Last Clever Barbarian,https://cdn.bsky.app/img/avatar/plain/did:plc:5ifrakplasnm5dxduqljgzue/bafkreifc4ksm2yy5r67fucpvyho2vcgmvrpqeoghc4o6kpbaonu4czcwfm@jpeg,did:plc:5ifrakplasnm5dxduqljgzue
at://did:plc:pxxzkmwknslytbtkwvvgziis/app.bsky.feed.post/3l3wd6lotjc2i,bafyreifeaq5hcgurdwvcfdoikfrzzi5yrp43f2333t2co3ruylkqrwj6hq,"S√≥ quem quer conter o avan√ßo de Mar√ßal √© a esquerda e os isentoes 
Bolsonaro e bolsonaristas est√£o TODOS torcendo por ele, ou vc acha que prefeririam Boulos, bananinha,, Marina ou a adolescente comunista Chatabata ?! üòÜ 
Aguarde se houver segundo turno contra o Boulos ...
Bolsonaro ser√° Mar√ßal 100%",2024-09-12T01:47:06.725Z,0,0,2,getuliosantana.bsky.social,Get√∫lio Santana üáßüá∑,https://cdn.bsky.app/img/avatar/plain/did:plc:pxxzkmwknslytbtkwvvgziis/bafkreiaksn7dduwakd6ezmaxcma7n2c7evizgnw3sgaciit72iycy2vbaq@jpeg,did:plc:pxxzkmwknslytbtkwvvgziis
at://did:plc:4jhkbse5xwwa4xtnd4terqz4/app.bsky.feed.post/3l3tpoipo3d2f,bafyreiah4uor47qilm63vweeppzxiqb7pnnyhdl3hgbf3vqj235qm5mks4,"Para al√©m do voto, gostei da invertida de @tabatasp.bsky.social  Amaral ao assumir o Chatabata do qual outro candidato tentou desqualific√°-la.  Transformou o ataque em for√ßa! Espero isso de Kamala agora nos EUA",2024-09-11T00:52:52.165Z,0,0,0,paulospina.bsky.social,Paulo Spina,https://cdn.bsky.app/img/avatar/plain/did:plc:4jhkbse5xwwa4xtnd4terqz4/bafkreihrjmc5lwe36p5b7di33htdbved26mrfxc5v6auc5ox2vouus4gem@jpeg,did:plc:4jhkbse5xwwa4xtnd4terqz4
at://did:plc:4rxjhukxut5bezys3va6vq2o/app.bsky.feed.post/3l3thbotnwc2m,bafyreiamahbo6lv2yvhonv5xfpubaiaabylaufwuihcdek3hqwmsy3gowi,chatabata √© muito melhor que batata liberal,2024-09-10T22:22:32.035Z,0,0,0,snwkg.bsky.social,„Åü„Å¨„Åç,https://cdn.bsky.app/img/avatar/plain/did:plc:4rxjhukxut5bezys3va6vq2o/bafkreic73b5edki5fnn2kdfqdib4q4qg4ogltmrn5dzhapjks2w3olaxgm@jpeg,did:plc:4rxjhukxut5bezys3va6vq2o
at://did:plc:i4yp7nxshqivcssasowtf5ur/app.bsky.feed.post/3l3tbmncjiw2w,bafyreihrp37tscc7cdokkz4gd3vfq3fbu577urqjoxkopa6rekyi3jno7u,"Fico feliz que ela seja a chatabata, pelo menos n√£o √© a lamarcal.",2024-09-10T20:41:17.253Z,0,0,0,rarigade.bsky.social,Raridade,https://cdn.bsky.app/img/avatar/plain/did:plc:i4yp7nxshqivcssasowtf5ur/bafkreifafoclnxozswjt2apdm3drxogdnhonqrx3l3ohce25lqmjibc3dm@jpeg,did:plc:i4yp7nxshqivcssasowtf5ur
at://did:plc:lew35hxjt4pfq5mhnyj36cvu/app.bsky.feed.post/3l3tbgwdkbt2g,bafyreifjj6ctqb4yr6npddo6bxzk7cqysgcbw6etmgthbp3glbfx63qcse,üòÜüòÜüòÜ   Chatabata   ü§£ü§£ü§£ü§£,2024-09-10T20:38:04.775Z,0,0,1,ronaldo-ro.bsky.social,Ronaldo,https://cdn.bsky.app/img/avatar/plain/did:plc:lew35hxjt4pfq5mhnyj36cvu/bafkreiguctn65372dezqz2257jxul3nt42zc2w6vs5uw6tcabjyyoyrn5m@jpeg,did:plc:lew35hxjt4pfq5mhnyj36cvu
at://did:plc:aduoxavv4nlceto54tgu3fjr/app.bsky.feed.post/3l3taovi2rq2x,bafyreiaja53dalnjbxnfpatsvv6gbzvttdr6xuj34a53okhju5ylaocroi,"Tabata diz falar de 'coisas chatas' e incorpora apelido 'Chatabata' difundido por Mar√ßal

Candidata do PSB tem refor√ßado mensagens a mulheres e pede que eleitoras conven√ßam os maridos a votar nela",2024-09-10T20:25:22.433Z,7,2,80,folha.com,Folha de S.Paulo,https://cdn.bsky.app/img/avatar/plain/did:plc:aduoxavv4nlceto54tgu3fjr/bafkreid4oiprfwqekbojyl3r5uauaihd5osue7fmfp4uuc5zbu2n3kbhpy@jpeg,did:plc:aduoxavv4nlceto54tgu3fjr
at://did:plc:7pbyau3wejo6dzcyfzgdcqgw/app.bsky.feed.post/3l3sh2dn76m2q,bafyreifsrb6nq5dxvxqpprww7c2ibnbu3xfz523izduw7rgnokpnai2oay,"chamar a Tabata Amaral de ""chatabata"" mostra claramente que a pessoa n√£o quer algu√©m s√©rio, mas um bobo da corte animador de torcida.

n√£o a toa esse mesmo povo aplaudia o Paulo Guedes (e seus trilh√µes imagin√°rios) e vota no Pablo Marcola (com seu f√°lico pr√©dio de 1km de altura)",2024-09-10T12:45:46.257Z,0,0,0,rholi.bsky.social,rho üåê,https://cdn.bsky.app/img/avatar/plain/did:plc:7pbyau3wejo6dzcyfzgdcqgw/bafkreialp3gnnkbc3zhmw7rivio6gpp53muhhoim6o5xhbx5swtdjwe53m@jpeg,did:plc:7pbyau3wejo6dzcyfzgdcqgw
at://did:plc:6piqgdqlbko7cmvzacqmfdjq/app.bsky.feed.post/3l3qcnla7g42x,bafyreigbhsuf6u5fymxgkwwbnzzxqqjcoiolvwzdq2pcaapduhffvblowi,"L√° vai a Chatabata ser entrevistada, s√≥ por ""exig√™ncias democr√°ticas.",2024-09-09T16:20:52.548Z,0,0,1,marciokarsten.bsky.social,M√°rcio Karsten ,https://cdn.bsky.app/img/avatar/plain/did:plc:6piqgdqlbko7cmvzacqmfdjq/bafkreig7t6uni2rlhnhwtcbkbjt3vgtoz3hjzio7yiukyouony26tjirra@jpeg,did:plc:6piqgdqlbko7cmvzacqmfdjq
at://did:plc:dvlzmqwnde5oiwsnqgpwwwer/app.bsky.feed.post/3l3nkpehdbi2b,bafyreie7ii5uaacdunvmcwsv4wfagbzbeeby6tlqzxwlph3tsk4dwjhdxm,"adorei que vc incorporou o ""ChaTabata"".

Pra cima do coach!",2024-09-08T14:07:52.737Z,0,0,1,elgualberton.bsky.social,El Gualberton üö©üá∫üá≥üá®üá∫,https://cdn.bsky.app/img/avatar/plain/did:plc:dvlzmqwnde5oiwsnqgpwwwer/bafkreibmhf2ff7rmqgdyse66m2dlscgncioo7zkxiaapwokxykjvl7na6y@jpeg,did:plc:dvlzmqwnde5oiwsnqgpwwwer
at://did:plc:ais6mrjwkmthpblaf2pnra4h/app.bsky.feed.post/3l3njm6x7no22,bafyreidzpbgyw6cqmaf2fggx54deprv26c7ylunvaffejhvrs5avyy3ksa,"Eita, tinha entendido tia T√°bata kkkkk. Chatabata √© mt melhor",2024-09-08T13:48:14.124Z,0,0,3,morenapan.bsky.social,Morena,https://cdn.bsky.app/img/avatar/plain/did:plc:ais6mrjwkmthpblaf2pnra4h/bafkreiclwlpf5azhcmxnopmgnvrixjvgno5k4yxx5ezguesotcaejyjkwu@jpeg,did:plc:ais6mrjwkmthpblaf2pnra4h
at://did:plc:ohlav7qijch4qpltedepnq4k/app.bsky.feed.post/3l3nif3n2f42j,bafyreiers7vls4g4cjzvv7flpihhm57llesehwvvuscselh7upmthtc6re,"Olha que ""escuta a chatabata aqui"" √© uma pedrada, sem ironia.",2024-09-08T13:26:21.752Z,1,0,5,equivocado.bsky.social,equivocado,https://cdn.bsky.app/img/avatar/plain/did:plc:ohlav7qijch4qpltedepnq4k/bafkreiadbxwdo5wjx6siw6o7ryaxskxr5wekfpc326lhyi2w44fba62yta@jpeg,did:plc:ohlav7qijch4qpltedepnq4k
at://did:plc:nocmzc42bxgj6guj3zsgcdwx/app.bsky.feed.post/3l3jpodmaio2t,bafyreihrnn7u2k75npqgoim7ypr7hmkoisuwobxzspbpss7tbroygeidki,‚Ä¢ Chat√°bata??,2024-09-07T01:26:09.011Z,0,0,1,airton-rj.bsky.social,,https://cdn.bsky.app/img/avatar/plain/did:plc:nocmzc42bxgj6guj3zsgcdwx/bafkreifvdabrdfmvsx5kpsyfcowv76eatjp5r5vlefci6jrh27n7i2yegm@jpeg,did:plc:nocmzc42bxgj6guj3zsgcdwx
at://did:plc:5razpldj7neaufg4rgle3gqd/app.bsky.feed.post/3l3gchk5gpb2n,bafyreicseo3jx4m7tog5nhrbrz4bxoxj2onezvmfgqueue7jxx72tzu43e,a chatabata amaral hoje quando sair a pesquisa do datafolha,2024-09-05T16:51:41.997Z,0,0,0,fangirldataylor.bsky.social,Fangirl da Taylor,https://cdn.bsky.app/img/avatar/plain/did:plc:5razpldj7neaufg4rgle3gqd/bafkreiajgydu7zthufr4u7kquqzcn3565hmok3fzrbj3iytfd7rfz6oy3e@jpeg,did:plc:5razpldj7neaufg4rgle3gqd
at://did:plc:ln2c5jse7kk6zyoxig6nbj5g/app.bsky.feed.post/3l3g2v7qcyi2t,bafyreidw5tspncmeid5zo2wl2hnighp5pgamxg7bikv6xwlis5whjyrrt4,Chatabata.,2024-09-05T14:36:12.606Z,0,0,0,ebfonseca.bsky.social,,https://cdn.bsky.app/img/avatar/plain/did:plc:ln2c5jse7kk6zyoxig6nbj5g/bafkreibgpkbp3rbrin7h6lxiipzrqmyag2alxem7vzlyvtyofyzwwleyru@jpeg,did:plc:ln2c5jse7kk6zyoxig6nbj5g
at://did:plc:2x4c53wnbmgyxfakzb6psnfs/app.bsky.feed.post/3l3frvhp6f22a,bafyreig2kmrjmrwh7s63gwuuj2z2nc45n247jalsprl5moj7x4u575r6bq,"MAR√áAL 30%
Boulis      20%
Bananinha 15%
Chatabata 10%
Dapena    5%",2024-09-05T11:52:52.034Z,2,0,2,verdao2024.bsky.social,,https://cdn.bsky.app/img/avatar/plain/did:plc:2x4c53wnbmgyxfakzb6psnfs/bafkreiejrw5uhe67xx7moptolxephdd3ljt6fzzsw3yyxrejul5isn24ey@jpeg,did:plc:2x4c53wnbmgyxfakzb6psnfs
at://did:plc:dsots6ohigbkmgyaji6zzpys/app.bsky.feed.post/3l3f4epugsp2z,bafyreiblf4z25ob3smvtamccn3b3gqvb35rmjtountvts4mtvj2gondv4q,"Pablo Mar√ßal busca novos desafios pois cansou de bater no banana no boules e na chatabata üòÇüòÇüòÇ
Faz o ‚ìÇÔ∏è2Ô∏è‚É£8Ô∏è‚É£üáßüá∑",2024-09-05T05:30:06.922Z,0,0,3,diegocarmo.bsky.social,Diego Carmo,https://cdn.bsky.app/img/avatar/plain/did:plc:dsots6ohigbkmgyaji6zzpys/bafkreigkx4sievddiokodgk6cjc2i2iws2ysueaiaac5a2kiaqfxm2ycrm@jpeg,did:plc:dsots6ohigbkmgyaji6zzpys
at://did:plc:az5hgdsjx6s45oowybjcwxr5/app.bsky.feed.post/3l3esdvo2k62g,bafyreib6gdnps2pnrdwuzmpsfsw2gma3svfet5ygk637rnir3j7nq2jntq,"como ""da pena"" ""chatabata"" ficam mt marcados.",2024-09-05T02:30:41.235Z,1,0,0,deividrp.bsky.social,Juliette,https://cdn.bsky.app/img/avatar/plain/did:plc:az5hgdsjx6s45oowybjcwxr5/bafkreidt6pa3w7lmysy5xfhlqnoxfefqz3e42ajxj77pvqlrijkxijwnya@jpeg,did:plc:az5hgdsjx6s45oowybjcwxr5
at://did:plc:yz5vi2mou2od546q5tcdnruq/app.bsky.feed.post/3l3esaefmz522,bafyreifxiihy234wjj4bnptyjn332nrt3cdbj5lsmnfrddhzuc3idmxig4,"Algu√©m pare os jornalistas militontos, o Boules e a ChaTabata. 
- A cada sabatina @pablomarcal.bsky.social cresce 3 pontos 
- a cada debate o ""faz o M"" cresce 5 pontos.
Se continuar assim vai no 1¬∞ turno.
O Dapena j√° conseguiu seus 30 milh√µes e bateu em retirada.
#elei√ß√µes #debate #s√£opaulo",2024-09-05T02:28:42.546Z,0,0,0,carloteixeirapcsp.bsky.social,Carlos Teixeira PCSP,https://cdn.bsky.app/img/avatar/plain/did:plc:yz5vi2mou2od546q5tcdnruq/bafkreicnzzzznalqbhq6csbdjojfudix4sq55q4xvszkvimkelwg4i532e@jpeg,did:plc:yz5vi2mou2od546q5tcdnruq
at://did:plc:kc46msheshxifqur5w5ypry6/app.bsky.feed.post/3l3emxqmrqd2a,bafyreib4ipyy5fqeam5xonzsufavhje46zwc2jt4a3ers2z63epyfkxo5y,CHOOOORA CHATABATA...  S√ÉO PAULO √â ‚ìÇÔ∏è.,2024-09-05T00:54:23.190Z,0,0,0,brazuka22.bsky.social,BRAZUKA üáßüá∑,https://cdn.bsky.app/img/avatar/plain/did:plc:kc46msheshxifqur5w5ypry6/bafkreidesfqr5iq6gj5sommtty54mfx7xzevdcgn6u3qrtq7gkjbf2waq4@jpeg,did:plc:kc46msheshxifqur5w5ypry6
at://did:plc:c2frund2zqgakva7xyzxxkjd/app.bsky.feed.post/3l3el76nuoh2p,bafyreidqu5u6rqtjnkmc5w2lryqnudonnfx2dcl3zxsr7v3k4ebpxd5o2y,"Candigata Chatabata Amaral, a senhorita t√° solteira ou ainda t√° namorando aquele Z√© Ruela? 

2 minutos para a resposta",2024-09-05T00:22:46.740Z,0,0,0,aqicel.bsky.social,Axel ,https://cdn.bsky.app/img/avatar/plain/did:plc:c2frund2zqgakva7xyzxxkjd/bafkreibxipsr6bcpxxvwf3scgr3wotu5ru7zvx4s5r2ltfpt5jbriokovu@jpeg,did:plc:c2frund2zqgakva7xyzxxkjd
at://did:plc:cjfwezzarg7xn64xnwq4rmio/app.bsky.feed.post/3l3dtjlofbi2h,bafyreibmtavfaen2b4v4byv3luzvdki26ychzgibed2uatodcuqzsjkv3i,Ele chamou ela de chatabata.,2024-09-04T17:19:08.036Z,0,0,1,cassiabran.bsky.social,C√°ssia Bran,https://cdn.bsky.app/img/avatar/plain/did:plc:cjfwezzarg7xn64xnwq4rmio/bafkreihgmz5woc6yavkkx53tl3quiqkvjwdlakj2ybk5eo5tzb3o65vooe@jpeg,did:plc:cjfwezzarg7xn64xnwq4rmio
at://did:plc:gcecd7ux3shhhn64jmbxdwa5/app.bsky.feed.post/3l3d4v5svh52z,bafyreifndrlcbgfpye3yyscsiryi2etpjf7h4xvvemcmwsx3edymhopppa,Bom dia twitter! üòéüëâüëâ #chatabata #pablomarcal #1eiroturno ‚ìÇÔ∏è #leagueoflegends #eldenring #brtt,2024-09-04T10:33:57.446Z,1,0,3,timjagger.bsky.social,TimJagger,https://cdn.bsky.app/img/avatar/plain/did:plc:gcecd7ux3shhhn64jmbxdwa5/bafkreiht5ytiiopr2uvu34hhyrleq3sbbzwxuy5rbreb4lunux72dcya6u@jpeg,did:plc:gcecd7ux3shhhn64jmbxdwa5
at://did:plc:n2b6kzxmek6dvd36t2yvxahm/app.bsky.feed.post/3l3c7nvep2o2x,bafyreia45vetbdnvb5pemeez3cbmbyirnged5flp45hqexkdwqfaxvz4qq,"T√° n√£o, mas eu tava vendo uns aq do Mar√ßal com o Boules e a chatabata",2024-09-04T01:50:56.105Z,0,0,1,flamengodaopressao.bsky.social,Flamengo da Opress√£o Oficial üèÜüèÜüèÜ,https://cdn.bsky.app/img/avatar/plain/did:plc:n2b6kzxmek6dvd36t2yvxahm/bafkreidgznewlk25zqeyw6ehv6vhbuwe66dw6xpujmyt25ionuehjs2pvu@jpeg,did:plc:n2b6kzxmek6dvd36t2yvxahm
at://did:plc:vl5unrkuushdlgcwhxeuzo6d/app.bsky.feed.post/3l3bf3mhcrb2s,bafyreiajiayf4ywx5bmrpzf2rs3szet46saymcikayxxmmsebtg5loaiyy,chatabata √© a mesma vibe do paulo de carrossel chamando a maria joaquina de maria chatonilda kkkkk sp correndo do risco de ter uma crian√ßa como prefeito,2024-09-03T17:55:25.845Z,0,0,0,medkamila.bsky.social,lila ü©∫,https://cdn.bsky.app/img/avatar/plain/did:plc:vl5unrkuushdlgcwhxeuzo6d/bafkreicd3tghwza5iaoxhxiqatrrl5sfsjkwheoq7g4wajk5zlruegri2y@jpeg,did:plc:vl5unrkuushdlgcwhxeuzo6d
at://did:plc:vl5unrkuushdlgcwhxeuzo6d/app.bsky.feed.post/3l3ad3yahqm2g,bafyreih7lrh3mg46x3qresrdsfziovdvs7p3jjwspnbbeqcmw5bnca65wu,mds o pablo mar√ßal pior que crian√ßa ü§¢ imagina se √© uma mulher ‚Äúfazendo o M‚Äù durante um debate daquela exata forma? ele falando ‚Äúoh garota‚Äù de forma debochada e ‚Äúchatabata‚Äù tbm credo que pavor,2024-09-03T07:47:10.460Z,1,0,26,medkamila.bsky.social,lila ü©∫,https://cdn.bsky.app/img/avatar/plain/did:plc:vl5unrkuushdlgcwhxeuzo6d/bafkreicd3tghwza5iaoxhxiqatrrl5sfsjkwheoq7g4wajk5zlruegri2y@jpeg,did:plc:vl5unrkuushdlgcwhxeuzo6d
at://did:plc:ccl7ujs2rmicjcbsjsagvhmo/app.bsky.feed.post/3l37qup4ayi2o,bafyreif6yrizlmfmjkeovmetqs5g5qeisa6xcx2utzhvtausavtg2z3n3i,os mar√ßal minions chamam a tabata de chatabata sendo q ela √© fodona?,2024-09-03T02:20:58.444Z,1,0,0,seacalm.bsky.social,manuzoca,https://cdn.bsky.app/img/avatar/plain/did:plc:ccl7ujs2rmicjcbsjsagvhmo/bafkreibdl26t5ojeyv7orwvcj2cp5jr6hrcb2etwzts5g2esdbset3mkhm@jpeg,did:plc:ccl7ujs2rmicjcbsjsagvhmo
at://did:plc:wkss54gsaugjpqgep6khlylu/app.bsky.feed.post/3l37lvy4mys23,bafyreicbah55n35it4xoc6z6dpiwjvu5u72z37ltau5vhw7h3wof3elbeq,A Chatabata n√£o enxerga que ela s√≥ fortalece o Mar√ßal???,2024-09-03T00:52:11.729Z,0,0,0,zeglaucon.bsky.social,Z√© Glaucon ‚ó§‚ú†‚ó¢ ,https://cdn.bsky.app/img/avatar/plain/did:plc:wkss54gsaugjpqgep6khlylu/bafkreieitg76bygscp37hef4fbuun5z6b3j447gebadvnffre4qhcncof4@jpeg,did:plc:wkss54gsaugjpqgep6khlylu
at://did:plc:xtj43inj7ylmfkw24picez2f/app.bsky.feed.post/3l377235wjy22,bafyreibwgjj5677br454ah6r7pqrfuh2bufgbmuuejqxl32ahi62ngde4y,ChaTabata,2024-09-02T21:01:52.415Z,0,0,0,pablomarcalm.bsky.social,Pablo Mar√ßal ,https://cdn.bsky.app/img/avatar/plain/did:plc:xtj43inj7ylmfkw24picez2f/bafkreiadbvqf65j5ffbnjiwwzq7hrgttg7lreptpn2rfky42ti4eywgce4@jpeg,did:plc:xtj43inj7ylmfkw24picez2f
at://did:plc:2ltkdzviaz3swp3llbdakfj3/app.bsky.feed.post/3l374iywuvn2s,bafyreih3luvqxbbwvgmoglsbdntjp7dmsubgysyxqd7axx5mcbtcvvhari,"Na sua estrat√©gia, Mar√ßal busca enfatizar essas percep√ß√µes. 

1) A antipol√≠tica aparece quando cria apelidos desqualificadores para seus advers√°rios (bananinha, boulis, chat√°bata, dapena). Quando faz isso, Mar√ßal expressa o que muitos eleitores pensam sobre pol√≠ticos profissionais +",2024-09-02T20:16:14.884Z,1,0,2,fvas.bsky.social,F√°bio Vasconcellos ,https://cdn.bsky.app/img/avatar/plain/did:plc:2ltkdzviaz3swp3llbdakfj3/bafkreidfqanngbg24okfp4hwjq3py4okyhnekuexkuge6n4qqmjzsbucty@jpeg,did:plc:2ltkdzviaz3swp3llbdakfj3
at://did:plc:ndjcqdxnjdplrfhjqclxvgdz/app.bsky.feed.post/3l36jc3ykk62o,bafyreidejsywe6hmtbbxji5ovaju73a3zxj2pm6evu2xlpa2np4gztlqyi,"Invasor, Ladr√£ozinho de creche, Chatabata, Dapena. Quico, Boules, Tchutchuca do PCC, Bananinha, Garota. O melhor em bullying ganha a eleicinha.",2024-09-02T14:32:39.410Z,0,0,1,casteladas.bsky.social,Casteladas,https://cdn.bsky.app/img/avatar/plain/did:plc:ndjcqdxnjdplrfhjqclxvgdz/bafkreicjbywtwype2552qzaxvt54yhm2537fdwgilnm62oqrefmqsgo5ha@jpeg,did:plc:ndjcqdxnjdplrfhjqclxvgdz
at://did:plc:zm25y6odyx5rzuduv4guyrj2/app.bsky.feed.post/3l36g3ziy2h2h,bafyreiaykaohgoq7riyto4adooxkxa55ltzs6dlppoqbhnwcat26iq3el4,"Pablo Mar√ßal chamou @tabatasp.bsky.social de ""Chat√°bata"" ap√≥s ela soltar um v√≠deo expondo o envolvimento dele com trapa√ßas e suas conex√µes com o crime organizado. Agora, os √°udios captados pela PF mostram ele mesmo colocando a m√£o no que √© alheio. T√°bata √© chatona mesmo. ü§£",2024-09-02T13:35:34.084Z,0,0,0,iranilto.bsky.social,,https://cdn.bsky.app/img/avatar/plain/did:plc:zm25y6odyx5rzuduv4guyrj2/bafkreiaexohjf56qgtjjq2xmxa2r57tatzschslvphvtjphwefsnnoar2m@jpeg,did:plc:zm25y6odyx5rzuduv4guyrj2
at://did:plc:zm25y6odyx5rzuduv4guyrj2/app.bsky.feed.post/3l36e62fypd2y,bafyreibswkifeqn2sbl4glykpngfz5tiv2ioq6tjatar5jfq5hgty4rvni,"Pablo Mar√ßal chamou @tabatasp.bsky.social de ""Chat√°bata"" ap√≥s ela soltar um v√≠deo expondo o envolvimento dele com trapa√ßas e suas conex√µes com o crime organizado. Agora, os √°udios captados pela PF mostram ele mesmo colocando a m√£o no que √© alheio. T√°bata √© chatona mesmo.

#EsquerdaSegueEsquerda.",2024-09-02T13:00:54.791Z,0,0,0,iranilto.bsky.social,,https://cdn.bsky.app/img/avatar/plain/did:plc:zm25y6odyx5rzuduv4guyrj2/bafkreiaexohjf56qgtjjq2xmxa2r57tatzschslvphvtjphwefsnnoar2m@jpeg,did:plc:zm25y6odyx5rzuduv4guyrj2
at://did:plc:2nl657n6msi5dydprdawaym3/app.bsky.feed.post/3l365luffrj2d,bafyreiah2i3bcwzlqpwnsvazhi6gnwbxqeuuqvnjo4tolwok47iu44y4oy,"√â um saco ficar ouvindo aquela voz de caipinha repetindo a mesma coisa: comunista, dapena, Boules, chatabata, bananinha‚Ä¶.Isso cansa, parece moleque.",2024-09-02T11:03:21.925Z,0,0,1,cristianoalmeida.bsky.social,Cristiano Almeida,https://cdn.bsky.app/img/avatar/plain/did:plc:2nl657n6msi5dydprdawaym3/bafkreid57aulnwa3dfpycd7krvxesu7zl34hpbrvmimfomatkdp4a3cjpq@jpeg,did:plc:2nl657n6msi5dydprdawaym3
at://did:plc:hynbifth4vprhmf7vngghkut/app.bsky.feed.post/3l363kr44x72n,bafyreifxgbrwkntqjxqkggg5bsuw2fodaepoyajvukbg367umy62qa2k4i,"Pablo Mar√ßal, engoliu o cons√≥rcio de comunista üö© 
Totalmente no debate de ontem üëäüáßüá∑
(Dapena, BoulisüòÅ, Chatabata, bananinha) ü§≠üòÇüòÇü§£ü§£ü§£.....",2024-09-02T10:26:57.125Z,0,1,1,malach91.bsky.social,Malach91,https://cdn.bsky.app/img/avatar/plain/did:plc:hynbifth4vprhmf7vngghkut/bafkreidu6czdue3yg2qoiy2mnwv6epfpycmmbywnp4dhxavv4pzbmbjw54@jpeg,did:plc:hynbifth4vprhmf7vngghkut
at://did:plc:x7iq2a25ofuamzdcvdojb5xo/app.bsky.feed.post/3l35rr6nazt23,bafyreidaypjuw2z42wtggtrgin6jraltpgxqixxtncvhebamy5qmroe7oy,"ELEI√á√ïES:Debate da Gazeta em SP √© marcado por direitos de resposta, trocas de acusa√ß√µes e ofensas
Candidatos fizeram 21 pedidos de direito de resposta por ofensas. Candidatos usaram apelidos como ""bananinha"", ""Chat√°bata"", ""Boules"", ""fuj√£o"" e ""tchuchuca do PCC"" para se ofenderem.
#eleicoes #debate",2024-09-02T07:31:35.475Z,3,2,22,chequei.bsky.social,CHEQUEI ,https://cdn.bsky.app/img/avatar/plain/did:plc:x7iq2a25ofuamzdcvdojb5xo/bafkreihnai4iorru7xh4chcazfqsgscx43xbglmcvzp4yh7ttjane5gw6u@jpeg,did:plc:x7iq2a25ofuamzdcvdojb5xo
at://did:plc:pybs2aii745ecetbkdqfyixl/app.bsky.feed.post/3l35qeo3cms26,bafyreiaa7rfcfzi7xrjdew7gkhfdgj3zce7zhjrltstxjop5vwdpr3akzi,"√â comum ele dar uma resposta curta e usar o resto do tempo pra fazer uma rodada pelos advers√°rios: o Boules √© comedor de a√ß√∫car, a Chat√°bata √© uma garotinha, o Dapena s√≥ fala e n√£o faz‚Ä¶ Mas‚Ä¶",2024-09-02T07:06:41.972Z,1,0,0,alexmaron.bsky.social,Alexandre Maron,https://cdn.bsky.app/img/avatar/plain/did:plc:pybs2aii745ecetbkdqfyixl/bafkreifbmfubultpv62mr577vm2iagkggqgs5n3qc4ek33fas3uhthhozi@jpeg,did:plc:pybs2aii745ecetbkdqfyixl
at://did:plc:2fad4d62lxydtku2uhle7zmd/app.bsky.feed.post/3l35c45qfqy2w,bafyreihvqvjsnk2a2humlxqv5zguv66ywug4s2oubguhvtesr7lbqfxvyq,"mar√ßal acerta no apelido chatabata amaral e erra no boules

pov√£o nem vai entender que porra de boules √© e o que √© pronome neutro onde ta a piada e a cr√≠tica nisso a√≠",2024-09-02T02:51:23.341Z,0,0,0,lsbndr.bsky.social,,https://cdn.bsky.app/img/avatar/plain/did:plc:2fad4d62lxydtku2uhle7zmd/bafkreibo2fwtheohy7heskhdrnvfwbwc6wafslpaoakq5nwk2kwsx35vvq@jpeg,did:plc:2fad4d62lxydtku2uhle7zmd
at://did:plc:eeq2abpppgwec2xbscmdx7ha/app.bsky.feed.post/3l352ziwfo32a,bafyreihjwcddlsmdtj6dqixald2wlsyqcw5nknbjwgn5l2ubzt3kkp7rkm,"Sinto pena de quem mora em S√£o Paulo e tem essas op√ß√µes üòÇüòÇüòÇ
Op√ß√µes: Pablito,boules, dapena, bananinha e chatabata üòÇüòÇüòÇüòÇ
Pol√≠tica de S√£o Paulo virou uma PUTARIA ü§£ü§£ü§£ü§£ü§£ü§£",2024-09-02T00:44:37.960Z,2,0,2,carlosfreitas35.bsky.social,Carlos Freitas ü§î,https://cdn.bsky.app/img/avatar/plain/did:plc:eeq2abpppgwec2xbscmdx7ha/bafkreicq4engmzuyphder57qiqv3uvgpjboob5g3yab6gfuftp2uwvnfoe@jpeg,did:plc:eeq2abpppgwec2xbscmdx7ha
at://did:plc:eeq2abpppgwec2xbscmdx7ha/app.bsky.feed.post/3l352mjd3np2e,bafyreihfosexldxvkw65ri34jwtmm4pg2arnljzqfiotssd5zhozommbbq,O debate √© uma zona kkkkk Mar√ßal chamando Nunes de bananinha e Nunes chamando ele de pablito kkkkk Datena chamando Mar√ßal de vagabundo e Bandido e Mar√ßal chamando ele de dapena e playboy üòÇüòÇ Mar√ßal chamando Tabata de chatabata e chamando o Boulos de boules kkkkkkk √© a maior PUTARIA QUE EU JA VI üòÇüòÇüòÇüòÇüòÇ,2024-09-02T00:37:22.166Z,1,0,1,carlosfreitas35.bsky.social,Carlos Freitas ü§î,https://cdn.bsky.app/img/avatar/plain/did:plc:eeq2abpppgwec2xbscmdx7ha/bafkreicq4engmzuyphder57qiqv3uvgpjboob5g3yab6gfuftp2uwvnfoe@jpeg,did:plc:eeq2abpppgwec2xbscmdx7ha
at://did:plc:lfk5mexbglx5nz542xozj2xr/app.bsky.feed.post/3l34zzmt3wd2h,bafyreia6rm7t2ebwukfws37quxtraszsmdye3qxrzzum5ibvoxvjzdv5t4,"O artigo critica o comportamento de Pablo Mar√ßal durante um debate na TV Gazeta, destacando suas provoca√ß√µes e o uso de insultos como ""Boules"" e ""Chat√°bata"" para desestabilizar os advers√°rios. 

Por üóû @dcm_on_line",2024-09-02T00:26:48.570Z,1,0,2,salesregy.bsky.social,’è‘π Ö»ù’è’ê»ù‘≥’é,https://cdn.bsky.app/img/avatar/plain/did:plc:lfk5mexbglx5nz542xozj2xr/bafkreifxhqe3qjz4mxcslfxbdbqjetzs5v5bshmjmwnsykuflsib7n7bkq@jpeg,did:plc:lfk5mexbglx5nz542xozj2xr
at://did:plc:bsjdonlysjmpy3w75ok3ikbj/app.bsky.feed.post/3l34ztbabot24,bafyreiagidi4ecxiuyp7eftcq6tnq2yloxyznlpnkkvnvukhmt4u5ueifa,#Chatabata kkkkkk by = @pablomarcal.bsky.social,2024-09-02T00:23:13.532Z,0,0,0,dariooficial1.bsky.social,,https://cdn.bsky.app/img/avatar/plain/did:plc:bsjdonlysjmpy3w75ok3ikbj/bafkreieqe4ytre33kbofqw2hr7vsendxftmim53hl6e4jpghewgpavdvue@jpeg,did:plc:bsjdonlysjmpy3w75ok3ikbj
at://did:plc:gedd7oaf7muzp6do5mh3oect/app.bsky.feed.post/3l34yjktmvf2i,bafyreihcjppdr22flt7nkmyodliqywirvw2hvuv74lx7nvb5hrhomhymgy,"O Bo√ßal deu apelido para todos. Boules, tentando surfar na onda de pronome neutro, Chat√°bata e D√° Pena.",2024-09-01T23:59:56.019Z,1,0,1,permacrise.bsky.social,f√™nix de Westview,https://cdn.bsky.app/img/avatar/plain/did:plc:gedd7oaf7muzp6do5mh3oect/bafkreidrswt5l4vuoc6676bo7b7kgfjcjccbqx7adkvgp7emnvbp2tql3e@jpeg,did:plc:gedd7oaf7muzp6do5mh3oect
at://did:plc:vq4pgci3jqbna2lrebndgapr/app.bsky.feed.post/3l34x4i55ya2a,bafyreienrctukj6gvrojcwdexsg3kdh54xa5zamvrryrloknj5tyybshoy,"D√°pena
Chatabata 
Boules/nhonho
Bananinha",2024-09-01T23:34:42.856Z,0,0,0,lobotomiapelosus.bsky.social,Jubileu ruindade pura ,https://cdn.bsky.app/img/avatar/plain/did:plc:vq4pgci3jqbna2lrebndgapr/bafkreieww7x5gh4qycdnolkovodi2zfbvrlr7ttthhahuanm6ufth252ai@jpeg,did:plc:vq4pgci3jqbna2lrebndgapr
at://did:plc:sehuxbfvrtn7kshmq7ixbeax/app.bsky.feed.post/3l34x2bjzau22,bafyreicisqkhihbrlc63ognchxg7duxteeu5q22zz2o2lmqb6zq2cblmsi,"Debate finalizou agora. Todos resolveram ir pra cima do Pablo Mar√ßal.

 - Datena perdeu o controle
 - Nunes n√£o consegue ser duro nem com ajuda dos amigos
 - Boulos mais firme, mas ainda n√£o empolga
 - Mar√ßal debochado, imposs√≠vel aceitar um candidato assim
 - Chatabata.",2024-09-01T23:33:29.478Z,1,0,1,igordisco.bsky.social,Igor Fediczko,https://cdn.bsky.app/img/avatar/plain/did:plc:sehuxbfvrtn7kshmq7ixbeax/bafkreig3iu2jaot5u2isnymx5ehlabreyye4u7rkwq3ey6gyuv7wycskoi@jpeg,did:plc:sehuxbfvrtn7kshmq7ixbeax
at://did:plc:luc5cosmwo75v3bs4j2tlx3p/app.bsky.feed.post/3l34wy2yybp2n,bafyreib65ybjxvshbd2qdxuvmtujw33amqea7bwy4hagtsqeqq4254mkia,"‚ÄúBoules‚Äù, ‚ÄúChat√°bata‚Äù‚Ä¶: Debate com Mar√ßal √© esgoto e a √∫nica resposta poss√≠vel √© a de Datena: sair na m√£o.
www.diariodocentrodomundo.com.br/boules-chata...",2024-09-01T23:32:14.897Z,1,2,7,valce1.bsky.social,Val_Ce1·∂úÀ¢·∂ú,https://cdn.bsky.app/img/avatar/plain/did:plc:luc5cosmwo75v3bs4j2tlx3p/bafkreia3u4lsnggevxzkj4jlgavlv3g5az5ir4y2vir6ylv44lncojcgqe@jpeg,did:plc:luc5cosmwo75v3bs4j2tlx3p
at://did:plc:wx7vbeyhzjh3q546ajdxjolw/app.bsky.feed.post/3l34wo37h2o2c,bafyreigharbt3pwtx4g6xu674weah7egh5svfl4o7sz3a3o7kj6wywkdom,"‚ÄúBoules‚Äù, ‚ÄúChat√°bata‚Äù‚Ä¶: Debate com Mar√ßal √© esgoto e a √∫nica resposta poss√≠vel √© a de Datena: sair na m√£o
www.diariodocentrodomundo.com.br/boules-chata...",2024-09-01T23:26:40.736Z,5,22,111,dcmonline.bsky.social,Di√°rio do Centro do Mundo,https://cdn.bsky.app/img/avatar/plain/did:plc:wx7vbeyhzjh3q546ajdxjolw/bafkreiexh76dtg7j26jm5a2fyobpim4rew24ktffqcnevsbb2nep7zv4oi@jpeg,did:plc:wx7vbeyhzjh3q546ajdxjolw
at://did:plc:sgodpc5omqqtee337gz7zre3/app.bsky.feed.post/3l34wkxc6fr2w,bafyreicujipqfjiy2xaxn6rwdq2xogsh7zruhdnxcsayjyptfdl5yt4h2y,Assim tem uma √∫nica coisa que o pior de todos os candidatos de sp tem raz√£o a Chatabata pra um caralhooooooooo,2024-09-01T23:24:55.634Z,0,0,0,raimicheluzzi.bsky.social,Micheluxo,https://cdn.bsky.app/img/avatar/plain/did:plc:sgodpc5omqqtee337gz7zre3/bafkreid2jxjovlonjv2gszequdjrkrok3czvuyfvkluq6rh63xcxxwpcdq@jpeg,did:plc:sgodpc5omqqtee337gz7zre3
at://did:plc:a2l3exsuuiq75ls7osy3rh2n/app.bsky.feed.post/3l34wb6pxzi2z,bafyreiffp77bmxtppi2cif6u7ezhlzthk45siylftrjlrko3twaddghv24,Faz o M. Chatabata √© ruim demais kkkk,2024-09-01T23:19:28.307Z,1,0,1,malditodemoraes.bsky.social,They Live,https://cdn.bsky.app/img/avatar/plain/did:plc:a2l3exsuuiq75ls7osy3rh2n/bafkreigkirpaurb7nnnfubq4n5qfqvckjbel4fnzenuhkx4lj6faekrjcy@jpeg,did:plc:a2l3exsuuiq75ls7osy3rh2n
at://did:plc:5skduvmseu7k52ewgo3nxigp/app.bsky.feed.post/3l34upq5vvr2p,bafyreietgoihae2ygfk7d65dumalfo6rm7umezk5rf6yer2rm3wa3oqlqa,chatabata,2024-09-01T22:51:47.434Z,0,0,0,hellokitty554.bsky.social,ANGUUUUUUUUUUUUUUU,https://cdn.bsky.app/img/avatar/plain/did:plc:5skduvmseu7k52ewgo3nxigp/bafkreiaqoyw66u6sqziy54xfespgjhpiomb7vawcc466vahkk4t26tqw7a@jpeg,did:plc:5skduvmseu7k52ewgo3nxigp
at://did:plc:kaygkse3nbdsmu57ihvqrabt/app.bsky.feed.post/3l34svv2uit2p,bafyreievwjidx5ggtzni7utb2bustz2g6ugasyummtlulry2myuhqsaxxa,"ChaTabata kkkkkk n√£o t√¥ aguentando.
#DebateSP",2024-09-01T22:19:25.509Z,0,0,0,rytisilvaa.bsky.social,Ryti ,https://cdn.bsky.app/img/avatar/plain/did:plc:kaygkse3nbdsmu57ihvqrabt/bafkreierizsanhn5mlokg4df3trqkoflkj3ixiymrobapjvof7cdpiqzqy@jpeg,did:plc:kaygkse3nbdsmu57ihvqrabt
at://did:plc:zcablkf2jzsen3ps6uulyugu/app.bsky.feed.post/3l34sunvhsv25,bafyreibb5dwgrficynvdvl3k4q2m3l6ap7dfcen5ki3dfqezikdowqcir4,Se fosse no twitter Chatabata e Tchuchuca do PCC j√° estariam nos trending topics nacionais ü§∑‚Äç‚ôÄÔ∏è,2024-09-01T22:18:46.102Z,0,0,1,gabrielagraal.bsky.social,Gabriela Graal,https://cdn.bsky.app/img/avatar/plain/did:plc:zcablkf2jzsen3ps6uulyugu/bafkreibwe4z5i4u6tntic6er6mgg7umzvc2hgx6txrhx7ghxizqpkec3xq@jpeg,did:plc:zcablkf2jzsen3ps6uulyugu
at://did:plc:zcablkf2jzsen3ps6uulyugu/app.bsky.feed.post/3l34ssut6uj24,bafyreigcuaaqubvka7dk7ehnicruqqk4uq6jpbo7bzh57nsi3ipy7qalcm,Chatabata hauehaueus,2024-09-01T22:17:45.996Z,0,0,1,gabrielagraal.bsky.social,Gabriela Graal,https://cdn.bsky.app/img/avatar/plain/did:plc:zcablkf2jzsen3ps6uulyugu/bafkreibwe4z5i4u6tntic6er6mgg7umzvc2hgx6txrhx7ghxizqpkec3xq@jpeg,did:plc:zcablkf2jzsen3ps6uulyugu
at://did:plc:unyu7357zjnqhueaexmiuwdj/app.bsky.feed.post/3l34sslazlf2x,bafyreiab3ifkk2g5q5t3uck5m24lksvwykfqmz665dln4v5xjtvq5jzuam,Chatabata ZZZZZZZZ üò¥üò¥üò¥üò¥,2024-09-01T22:17:36.341Z,0,0,0,alfonsekiki.bsky.social,Alfonse e Kikiüö©ü™ë,https://cdn.bsky.app/img/avatar/plain/did:plc:unyu7357zjnqhueaexmiuwdj/bafkreibuomllth6srvwwsbpymubi244vxo5bgow6krmdrr7hq2qxthvzka@jpeg,did:plc:unyu7357zjnqhueaexmiuwdj
at://did:plc:qqtlyg7r6vmwhb4toyqbfwiz/app.bsky.feed.post/3l34sniqjxf2s,bafyreied6fq4qnaml7qoovrphaun7wqucoumwf3t44aqerblxpv3zeu3q4,"vale apontar que o melhor apelido que o Mar√ßal conseguiu pensar pra diminuir a Tabata √© ‚Äúchatabata‚Äù

mais dif√≠cil bater nela do que no Nunes ou no Boulos",2024-09-01T22:14:45.876Z,0,0,0,l00kfar.bsky.social,f√£ clube banquinho do datena ü™ë,https://cdn.bsky.app/img/avatar/plain/did:plc:qqtlyg7r6vmwhb4toyqbfwiz/bafkreiflepuzb5wrgv26rmoatt4p5wg77cjdarxue4et7y2n5nokiecbw4@jpeg,did:plc:qqtlyg7r6vmwhb4toyqbfwiz
at://did:plc:vbbch4szpq752ajyvyetsf4f/app.bsky.feed.post/3l34skkbmtf2x,bafyreiffs7izisqg4cgfrl5lqoahx3qftsvxz3tqb24bvb372wlxfs4loa,Chatabata e Boulis s√£o os mais engra√ßados,2024-09-01T22:13:06.521Z,0,0,0,eoallan.bolhadev.com,aLLan,https://cdn.bsky.app/img/avatar/plain/did:plc:vbbch4szpq752ajyvyetsf4f/bafkreiaqog5ye3pgrokaht3cdrnwilzz3ueb56kkk3a2zcr35vqwdlx2te@jpeg,did:plc:vbbch4szpq752ajyvyetsf4f
at://did:plc:stesyhvmnfh36vf4ddcz5lsk/app.bsky.feed.post/3l34sipsh3v2t,bafyreibknwiwtukbhnybn3kt32ddrtbqvtkvb5corsf6t6gx42lz23guae,"> Chatabata
> Pablito
> Bananinha
> Quico
> Boulis

O debate n√£o t√° tendo muitas propostas, mas t√° tendo um SHOW de apelidos de 5a s√©rie! QUE ESPET√ÅCULO üëèüèª",2024-09-01T22:12:04.543Z,14,8,170,paposfut.bsky.social,Papos em Ex√≠lio,https://cdn.bsky.app/img/avatar/plain/did:plc:stesyhvmnfh36vf4ddcz5lsk/bafkreicre5pknd5gx2tmluvtbgz7awrymbzi6vsuqxbqcetv6m25jsdqdq@jpeg,did:plc:stesyhvmnfh36vf4ddcz5lsk
at://did:plc:yv47izdsrprtpcoa4ldpthxo/app.bsky.feed.post/3l34shlbojr2o,bafyreihctnzfttbzohea4wu7sq6vam2jeatkhlw6apefvmrhzris2wf7ui,"Chat√°bata eh um √≥timo apelido, eh o circo que o povo espera",2024-09-01T22:11:27.407Z,0,0,2,mirrorclewrl.bsky.social,RFL,https://cdn.bsky.app/img/avatar/plain/did:plc:yv47izdsrprtpcoa4ldpthxo/bafkreihlswho4n7darp3gpkvyoopsc6doree47e34mlgt367fga6xldduy@jpeg,did:plc:yv47izdsrprtpcoa4ldpthxo
at://did:plc:hskfqxt2dqix4bv7zbo3jzrt/app.bsky.feed.post/3l34shk7qqo2v,bafyreid3uv5fyl7pnc57vxtewkcojjayj3pths6cqtxnryxwkrt4ly4nne,"Mar√ßal chama Tabata de ""Chatabata"", diz que Datena t√° de saco cheio, chama o debate de teatro e diz que o povo quer ver barraco, pois quem quer ver propostas vai ler os programas de governo no site TSE. #DebateGazetaMyNews",2024-09-01T22:11:25.702Z,0,0,1,victorseverino98.bsky.social,,https://cdn.bsky.app/img/avatar/plain/did:plc:hskfqxt2dqix4bv7zbo3jzrt/bafkreifuvkkfhjp2t32sydnbwueahzsfg5vcxf6pk53pacbfce7db7d4qq@jpeg,did:plc:hskfqxt2dqix4bv7zbo3jzrt
at://did:plc:vbbch4szpq752ajyvyetsf4f/app.bsky.feed.post/3l34sghzwvw2n,bafyreia7fj6u6mricmlymfgc4fwzyiz3dippmj2lydhgje7sqv4hx4coge,Boulis e Chatabata foram os melhores,2024-09-01T22:10:49.956Z,0,0,1,eoallan.bolhadev.com,aLLan,https://cdn.bsky.app/img/avatar/plain/did:plc:vbbch4szpq752ajyvyetsf4f/bafkreiaqog5ye3pgrokaht3cdrnwilzz3ueb56kkk3a2zcr35vqwdlx2te@jpeg,did:plc:vbbch4szpq752ajyvyetsf4f
at://did:plc:ftzgjcvgbes7bcxf35zcrxl6/app.bsky.feed.post/3l34serqmpe2u,bafyreie5elt375akhufttbyc6lhbyetgkyy2wyau7cgcqxfppxzo6x5in4,‚Äúchatabata‚Äù kkkkkkk que inferno,2024-09-01T22:09:53.547Z,0,0,3,saojoaopedro.bsky.social,JP,https://cdn.bsky.app/img/avatar/plain/did:plc:ftzgjcvgbes7bcxf35zcrxl6/bafkreidjjkisbbnjhvjxhua6dza6ry5w54xs5cbqdlopynzkqhrfq3abbe@jpeg,did:plc:ftzgjcvgbes7bcxf35zcrxl6
at://did:plc:cfyplpiwoemrwjuamo45yrsa/app.bsky.feed.post/3l34scjmecb2y,bafyreidmb2ef24kvk3q55jqdrbx4mldowawsabc6kw44eb4mq3mqx7gasu,Chatabata pqp,2024-09-01T22:08:37.630Z,0,0,0,elo7br.bsky.social,7 elos de v√°rios prismas,https://cdn.bsky.app/img/avatar/plain/did:plc:cfyplpiwoemrwjuamo45yrsa/bafkreiguv4hiughmaupck7znswovttmnqrhbmfxlrhtdzcbbcz6g5qu6ju@jpeg,did:plc:cfyplpiwoemrwjuamo45yrsa
at://did:plc:43jiklmif2excm3b2rngeawc/app.bsky.feed.post/3l34sc5vu3n2b,bafyreid6csajdca5lpkklfd25gljt2n25cmywi6ejwt2uzakwpzqalbeci,chatabata.................,2024-09-01T22:08:24.212Z,1,0,2,gasseruto.bsky.social,Laura,https://cdn.bsky.app/img/avatar/plain/did:plc:43jiklmif2excm3b2rngeawc/bafkreicj4yslrjjn3hp2yac6bpnkqtad5llm3yzirf4y5yzfjf2dmbz224@jpeg,did:plc:43jiklmif2excm3b2rngeawc
at://did:plc:nv5adizyqtygt4g3cwze6oxy/app.bsky.feed.post/3l34r5q3idr2d,bafyreifywvf5fgnipqfraa2ejkonztbyksantui2zrehbgh5ttptfe3yhq,"""CHAT√ÅBATA""
a quarta s√©rie t√° podendo pode disputar prefeitura?",2024-09-01T21:48:02.804Z,0,0,4,diesonnenlicht.bsky.social,The Notorious V.I.C.,https://cdn.bsky.app/img/avatar/plain/did:plc:nv5adizyqtygt4g3cwze6oxy/bafkreiemskjdscb4qdhf2pjyfsro2btr4vzamappeo2idydcfq3nrth5ju@jpeg,did:plc:nv5adizyqtygt4g3cwze6oxy
at://did:plc:sehuxbfvrtn7kshmq7ixbeax/app.bsky.feed.post/3l34r2ymgbh23,bafyreicizztwixzf3rtva5uzjx7c7bydelghb6tnokse2npwfzyq6irfym,CHATABATA KKKKKKKKKKKK,2024-09-01T21:46:31.417Z,1,0,2,igordisco.bsky.social,Igor Fediczko,https://cdn.bsky.app/img/avatar/plain/did:plc:sehuxbfvrtn7kshmq7ixbeax/bafkreig3iu2jaot5u2isnymx5ehlabreyye4u7rkwq3ey6gyuv7wycskoi@jpeg,did:plc:sehuxbfvrtn7kshmq7ixbeax
