reply_uri,reply_cid,reply_text,reply_created_at,reply_reply_count,reply_repost_count,reply_like_count,reply_indexed_at,reply_author_handle,reply_author_display_name,reply_author_did,original_post_uri,original_post_text
at://did:plc:vznftabtwg4oeksmqz7tjca3/app.bsky.feed.post/3l5mwf2hdod2w,bafyreid4cstoeyavd5ngec6mfaalv35f3d37znrd7cpnbzn3rr3lvm3g4i,"Marina, voc√™ felizmente conseguiu participar de alguns debates. Aqui no RJ a Carol Sponza foi completamente ignorada em TODOS os debates.

Eu queria de verdade entender qual a persegui√ß√£o da grande imprensa com o partido NOVO",2024-10-03T18:54:31.818Z,0,0,1,2024-10-03T18:54:31.818Z,mattsantana.bsky.social,Matheus ...?!‚ú† Jesus Crist is my King üëë,did:plc:vznftabtwg4oeksmqz7tjca3,at://did:plc:7ufq7f6eayiercg6z7o7jnau/app.bsky.feed.post/3l5muq4qjwy2y,"CENSURA! Mais uma vez, querem calar a minha voz. Globo, do que voc√™s tem medo?

Marca a @tvglobo.com aqui e vamos exigir uma explica√ß√£o! 
#Vote30"
at://did:plc:tkwfzrjwa4rorrue3z4ldjnk/app.bsky.feed.post/3l5nnurrtvb2d,bafyreidgw7rs3i6bmhvfm3khdgczl5t426iehlsuel3ugxzrk5kw25dt3q,üòÇüòÇüòÇüòÇ,2024-10-04T01:54:59.880Z,0,0,0,2024-10-04T01:54:59.880Z,gilmardesou.bsky.social,,did:plc:tkwfzrjwa4rorrue3z4ldjnk,at://did:plc:7ufq7f6eayiercg6z7o7jnau/app.bsky.feed.post/3l5muq4qjwy2y,"CENSURA! Mais uma vez, querem calar a minha voz. Globo, do que voc√™s tem medo?

Marca a @tvglobo.com aqui e vamos exigir uma explica√ß√£o! 
#Vote30"
at://did:plc:qcot6nq6yhooervxmpefi2sy/app.bsky.feed.post/3l5nkqabeo52c,bafyreigtqd6xvg5tzj76sbpzixndryfpnvcqtev5tvmfgreifny5mfaqc4,Seja firme e corajosa senadora.,2024-10-04T00:58:45.743Z,0,0,0,2024-10-04T00:58:45.743Z,robertoslm.bsky.social,Roberto üáßüá∑,did:plc:qcot6nq6yhooervxmpefi2sy,at://did:plc:7ufq7f6eayiercg6z7o7jnau/app.bsky.feed.post/3l5muq4qjwy2y,"CENSURA! Mais uma vez, querem calar a minha voz. Globo, do que voc√™s tem medo?

Marca a @tvglobo.com aqui e vamos exigir uma explica√ß√£o! 
#Vote30"
at://did:plc:ny6nqpkrc5ekjgw35yiv4cak/app.bsky.feed.post/3l5nzxcuyti2x,bafyreiehco35myisdd5utwzhodqnpdkidskotif7t2l6zbzp4grxnrre6u,"A explica√ß√£o √© simples: voc√™, de acordo com a lei eleitoral, n√£o precisa ser convidada.
Dever√≠amos cobrar explica√ß√µes da Globo sobre o convite ao candidato do PRTB, isso sim.
Nenhum de voc√™s dois deveria ter estado em nenhum dos debates.",2024-10-04T05:31:10.289Z,0,0,0,2024-10-04T05:31:10.289Z,crismoretto.bsky.social,,did:plc:ny6nqpkrc5ekjgw35yiv4cak,at://did:plc:7ufq7f6eayiercg6z7o7jnau/app.bsky.feed.post/3l5muq4qjwy2y,"CENSURA! Mais uma vez, querem calar a minha voz. Globo, do que voc√™s tem medo?

Marca a @tvglobo.com aqui e vamos exigir uma explica√ß√£o! 
#Vote30"
at://did:plc:inbdmi5h2bbcborzrzjvzhxa/app.bsky.feed.post/3l5nje27zae2n,bafyreihbmdnujcypmgz6a4skngz7aunyavmfrg5724vg6fvjwlzle6fsya,Qual pesquisa vc passou o Datena?...,2024-10-04T00:34:03.386Z,0,0,0,2024-10-04T00:34:03.386Z,anderson539.bsky.social,,did:plc:inbdmi5h2bbcborzrzjvzhxa,at://did:plc:7ufq7f6eayiercg6z7o7jnau/app.bsky.feed.post/3l5muq4qjwy2y,"CENSURA! Mais uma vez, querem calar a minha voz. Globo, do que voc√™s tem medo?

Marca a @tvglobo.com aqui e vamos exigir uma explica√ß√£o! 
#Vote30"
at://did:plc:wn5hgk2hwlvq6yn6nojfqdg3/app.bsky.feed.post/3l5ldfjmumh2w,bafyreif7v22ws6qy7vjulu5dmsutyyckpxquwhvsui2gim74dhwrvnmhza,,2024-10-03T03:42:11.774Z,0,0,1,2024-10-03T03:42:11.774Z,regisanches.bsky.social,,did:plc:wn5hgk2hwlvq6yn6nojfqdg3,at://did:plc:7ufq7f6eayiercg6z7o7jnau/app.bsky.feed.post/3l5b4hcxq432v,"Muita gente diz que eu sou a mais preparada, mas que n√£o vai votar em mim por causa das pesquisas. Saiba que as pesquisas erram, e erram porque, no final, quem decide √© voc√™.

Vote Marina Helena para prefeita de S√£o Paulo. 3Ô∏è‚É£0Ô∏è‚É£‚úÖ

#DebateRecord"
at://did:plc:vypziojzmatbmvdf3rerlu4r/app.bsky.feed.post/3l5cm3n6t352k,bafyreidep6qdzz2ebvtgc3mxwh5pyn6urt6jwtsx7ocpop3ksrypb637g4,Muita gente = seus familiares  kkkkkkkkk,2024-09-29T16:23:45.800Z,0,0,3,2024-09-29T16:23:45.800Z,robertaro.bsky.social,Beta üö©,did:plc:vypziojzmatbmvdf3rerlu4r,at://did:plc:7ufq7f6eayiercg6z7o7jnau/app.bsky.feed.post/3l5b4hcxq432v,"Muita gente diz que eu sou a mais preparada, mas que n√£o vai votar em mim por causa das pesquisas. Saiba que as pesquisas erram, e erram porque, no final, quem decide √© voc√™.

Vote Marina Helena para prefeita de S√£o Paulo. 3Ô∏è‚É£0Ô∏è‚É£‚úÖ

#DebateRecord"
at://did:plc:vh4nyvbez34e7hyynzkbmhkx/app.bsky.feed.post/3l5cgjxoudz2c,bafyreibb4dz6ca562q7sxlwx5ptd26c546icvxfwyr3jnjlt53tsx7cjru,Kkkkkkkkkkkkkk,2024-09-29T14:44:23.959Z,0,0,2,2024-09-29T14:44:23.959Z,pif45.bsky.social,ProfessorPIF,did:plc:vh4nyvbez34e7hyynzkbmhkx,at://did:plc:7ufq7f6eayiercg6z7o7jnau/app.bsky.feed.post/3l5b4hcxq432v,"Muita gente diz que eu sou a mais preparada, mas que n√£o vai votar em mim por causa das pesquisas. Saiba que as pesquisas erram, e erram porque, no final, quem decide √© voc√™.

Vote Marina Helena para prefeita de S√£o Paulo. 3Ô∏è‚É£0Ô∏è‚É£‚úÖ

#DebateRecord"
at://did:plc:tkwfzrjwa4rorrue3z4ldjnk/app.bsky.feed.post/3l5d2vdwu6g2s,bafyreig45zpf7ibxjnzq32cgxx3dsb6yji54m6friq3utj45v5slcvjmcm,Tu tem a carisma de uma foca morta,2024-09-29T20:48:40.103Z,0,0,1,2024-09-29T20:48:40.103Z,gilmardesou.bsky.social,,did:plc:tkwfzrjwa4rorrue3z4ldjnk,at://did:plc:7ufq7f6eayiercg6z7o7jnau/app.bsky.feed.post/3l5b4hcxq432v,"Muita gente diz que eu sou a mais preparada, mas que n√£o vai votar em mim por causa das pesquisas. Saiba que as pesquisas erram, e erram porque, no final, quem decide √© voc√™.

Vote Marina Helena para prefeita de S√£o Paulo. 3Ô∏è‚É£0Ô∏è‚É£‚úÖ

#DebateRecord"
at://did:plc:qi4io2ii7usgutc3527lk3rg/app.bsky.feed.post/3l5g4norgji2q,bafyreicrf3ch6xu2p33v7v2se4tcy2u4726sh2etsngyclqnwi7egbp3mm,E verdade que vc e filha de ex  ministro e fica pagando de selfmade?,2024-10-01T01:58:10.316Z,0,0,2,2024-10-01T01:58:10.316Z,labcooker.bsky.social,,did:plc:qi4io2ii7usgutc3527lk3rg,at://did:plc:7ufq7f6eayiercg6z7o7jnau/app.bsky.feed.post/3l5b4hcxq432v,"Muita gente diz que eu sou a mais preparada, mas que n√£o vai votar em mim por causa das pesquisas. Saiba que as pesquisas erram, e erram porque, no final, quem decide √© voc√™.

Vote Marina Helena para prefeita de S√£o Paulo. 3Ô∏è‚É£0Ô∏è‚É£‚úÖ

#DebateRecord"
at://did:plc:nsz63yasz7g7r3ofqak3o7e5/app.bsky.feed.post/3l5evxnplb625,bafyreifhmpb6vv6wmgwywvl7e3jjmf4bnyhus5o252vponcwwlylherbgq,"Boas f√©rias, Patricinha. N√£o volte a se candidatar por esse lixo de partido e nenhum outro.",2024-09-30T14:25:49.158Z,0,0,2,2024-09-30T14:25:49.158Z,philipeps.bsky.social,philipe,did:plc:nsz63yasz7g7r3ofqak3o7e5,at://did:plc:7ufq7f6eayiercg6z7o7jnau/app.bsky.feed.post/3l5b4hcxq432v,"Muita gente diz que eu sou a mais preparada, mas que n√£o vai votar em mim por causa das pesquisas. Saiba que as pesquisas erram, e erram porque, no final, quem decide √© voc√™.

Vote Marina Helena para prefeita de S√£o Paulo. 3Ô∏è‚É£0Ô∏è‚É£‚úÖ

#DebateRecord"
at://did:plc:hf433rl5hgorrsfx6hqfz7pv/app.bsky.feed.post/3l5deekvcrv2a,bafyreibc3bb7btephetugt22vgonab3oqitb74suk2sswvbgpsogbz5bju,"Uma das maiores imbecilidades do povo inculto brasileiro, que √© a maioria desde que a esquerda assumiu o poder, √© a ""n√£o quero perder meu voto"".",2024-09-29T23:38:16.800Z,0,0,0,2024-09-29T23:38:15.709Z,ditojota.bsky.social,,did:plc:hf433rl5hgorrsfx6hqfz7pv,at://did:plc:7ufq7f6eayiercg6z7o7jnau/app.bsky.feed.post/3l5b4hcxq432v,"Muita gente diz que eu sou a mais preparada, mas que n√£o vai votar em mim por causa das pesquisas. Saiba que as pesquisas erram, e erram porque, no final, quem decide √© voc√™.

Vote Marina Helena para prefeita de S√£o Paulo. 3Ô∏è‚É£0Ô∏è‚É£‚úÖ

#DebateRecord"
at://did:plc:gst745jvnufjo44qll4otwpt/app.bsky.feed.post/3l5cxd3szd52k,bafyreidatxpu4n5acq5aslvlxvm3nwtnofl4qjvbmxh5ga6wtmfmiqdu3i,Rid√≠cula!,2024-09-29T19:45:24.007Z,0,0,1,2024-09-29T19:44:47.712Z,luismartinsfilho.bsky.social,,did:plc:gst745jvnufjo44qll4otwpt,at://did:plc:7ufq7f6eayiercg6z7o7jnau/app.bsky.feed.post/3l5b4hcxq432v,"Muita gente diz que eu sou a mais preparada, mas que n√£o vai votar em mim por causa das pesquisas. Saiba que as pesquisas erram, e erram porque, no final, quem decide √© voc√™.

Vote Marina Helena para prefeita de S√£o Paulo. 3Ô∏è‚É£0Ô∏è‚É£‚úÖ

#DebateRecord"
at://did:plc:gst745jvnufjo44qll4otwpt/app.bsky.feed.post/3l5cxcfnkf52j,bafyreia4a6gnoixiad4ilczi6u5ica73sxospju225flbgjmxu64nmthua,"Mais preparada o que? Uma pessoa que repete fal√°cias a respeito de Paulo Freire, o brasileiro mais estudado nas universidades mundo afora! Sai fora patricinha!",2024-09-29T19:45:00.922Z,0,0,3,2024-09-29T19:44:24.413Z,luismartinsfilho.bsky.social,,did:plc:gst745jvnufjo44qll4otwpt,at://did:plc:7ufq7f6eayiercg6z7o7jnau/app.bsky.feed.post/3l5b4hcxq432v,"Muita gente diz que eu sou a mais preparada, mas que n√£o vai votar em mim por causa das pesquisas. Saiba que as pesquisas erram, e erram porque, no final, quem decide √© voc√™.

Vote Marina Helena para prefeita de S√£o Paulo. 3Ô∏è‚É£0Ô∏è‚É£‚úÖ

#DebateRecord"
at://did:plc:76pokb4kdsa2dvr564gblm5t/app.bsky.feed.post/3l5doih4php2x,bafyreiatihbneuonuykxcvhqfogbd3am7msyoayi223cg24zsdllj2cbam,Iludiiiiida,2024-09-30T02:42:37.645Z,0,0,2,2024-09-30T02:39:24.210Z,luciapedroni.bsky.social,Lucia Pedroni,did:plc:76pokb4kdsa2dvr564gblm5t,at://did:plc:7ufq7f6eayiercg6z7o7jnau/app.bsky.feed.post/3l5b4hcxq432v,"Muita gente diz que eu sou a mais preparada, mas que n√£o vai votar em mim por causa das pesquisas. Saiba que as pesquisas erram, e erram porque, no final, quem decide √© voc√™.

Vote Marina Helena para prefeita de S√£o Paulo. 3Ô∏è‚É£0Ô∏è‚É£‚úÖ

#DebateRecord"
at://did:plc:vsv2jknun3nc64dhb37lkqva/app.bsky.feed.post/3l5c6msaxzn2i,bafyreietex7inx35hy3ekle25xmc3fmgbr6cxvvjux4lkawpct3mlneqb4,"Mas, e as provas do jatinho da T√°bata?",2024-09-29T12:22:49.708Z,0,0,0,2024-09-29T12:22:49.708Z,lenintrotsky.bsky.social,LeninTrotsky,did:plc:vsv2jknun3nc64dhb37lkqva,at://did:plc:7ufq7f6eayiercg6z7o7jnau/app.bsky.feed.post/3l5az5n2nq72q,"Outro ponto fundamental √© cuidar da sua seguran√ßa, pois, sem seguran√ßa, a gente n√£o faz nada. A ideia √© triplicar o or√ßamento da seguran√ßa, que hoje s√≥ recebe 1 em cada 100 reais. Vamos dobrar o efetivo da GMC, arm√°-la e trein√°-la bem para proteger o nosso maior patrim√¥nio: o cidad√£o.

#DebateRecord"
at://did:plc:vh4nyvbez34e7hyynzkbmhkx/app.bsky.feed.post/3l5cgflqwh727,bafyreiecw4lc2zbspfzpie47hvzfxktuptflomm75udwxx3bi5ntt7ojca,üòÇüòÇüòÇüòÇdiz outra ALEXAüòÇüòÇüòÇüòÇüòÇ,2024-09-29T14:41:57.229Z,0,0,0,2024-09-29T14:41:57.229Z,pif45.bsky.social,ProfessorPIF,did:plc:vh4nyvbez34e7hyynzkbmhkx,at://did:plc:7ufq7f6eayiercg6z7o7jnau/app.bsky.feed.post/3l5az5n2nq72q,"Outro ponto fundamental √© cuidar da sua seguran√ßa, pois, sem seguran√ßa, a gente n√£o faz nada. A ideia √© triplicar o or√ßamento da seguran√ßa, que hoje s√≥ recebe 1 em cada 100 reais. Vamos dobrar o efetivo da GMC, arm√°-la e trein√°-la bem para proteger o nosso maior patrim√¥nio: o cidad√£o.

#DebateRecord"
at://did:plc:koqfeitp6p74umbtfl3olwtt/app.bsky.feed.post/3l5b44b3sik2b,bafyreifubcpznxw5xmrnbhwbwfij2dts7bo5t5mbkayxd4w2nnds4fyb7i,"""Vamos"" coisa alguma, vc n√£o vai nada pq n√£o vai nem chegar perto de sequer ir pro 2o turno.

Tchau, ignorante.",2024-09-29T02:05:06.777Z,0,0,0,2024-09-29T02:05:06.777Z,jocadade.bsky.social,Joca ‚ù§Ô∏è Lula l√° ‚ù§Ô∏è,did:plc:koqfeitp6p74umbtfl3olwtt,at://did:plc:7ufq7f6eayiercg6z7o7jnau/app.bsky.feed.post/3l5az5n2nq72q,"Outro ponto fundamental √© cuidar da sua seguran√ßa, pois, sem seguran√ßa, a gente n√£o faz nada. A ideia √© triplicar o or√ßamento da seguran√ßa, que hoje s√≥ recebe 1 em cada 100 reais. Vamos dobrar o efetivo da GMC, arm√°-la e trein√°-la bem para proteger o nosso maior patrim√¥nio: o cidad√£o.

#DebateRecord"
at://did:plc:icakdmnow235dlgprty2iieq/app.bsky.feed.post/3l5b27icybf2j,bafyreifz2ckxhxhnnxgb5qcnhjvx7gb63be5wabc2vqndcfnkjlwr4j6mu,"Na NORUEGA,FINL√ÇNDIA,SUECIA,√ÅUSTRIA,DINAMARCA,UK,B√âLGICA,NOVA ZELANDIA,..ENFIM..OS MELHORES PA√çSES P SE VIVER NO MUNDO,OS POLICIAIS NAO TEM ARMAS,O INVESTIMENTO EM EDUCA√á√ÉO √â ALTO E AS DROGAS SAO DISCRIMINALIZADAS(Para usu√°rios),vc conhece esses pa√≠ses?eu conhe√ßo!TODOS ELES!",2024-09-29T01:31:08.026Z,1,0,2,2024-09-29T01:31:08.026Z,lexoporex.bsky.social,√önior,did:plc:icakdmnow235dlgprty2iieq,at://did:plc:7ufq7f6eayiercg6z7o7jnau/app.bsky.feed.post/3l5az5n2nq72q,"Outro ponto fundamental √© cuidar da sua seguran√ßa, pois, sem seguran√ßa, a gente n√£o faz nada. A ideia √© triplicar o or√ßamento da seguran√ßa, que hoje s√≥ recebe 1 em cada 100 reais. Vamos dobrar o efetivo da GMC, arm√°-la e trein√°-la bem para proteger o nosso maior patrim√¥nio: o cidad√£o.

#DebateRecord"
at://did:plc:evnefddcbquw4znveinftgdq/app.bsky.feed.post/3l5b2ng563p2f,bafyreibzpymbtf7ycmzjyhxyaqrjiz32fllrnxcbfqd3dc6jktrd4qg3by,"PAULISTANO N√ÉO √â BURRO, SUA SAFADA, JUMENTA",2024-09-29T01:38:55.482Z,0,0,0,2024-09-29T01:38:55.482Z,johnyjapon.bsky.social,Naekaua,did:plc:evnefddcbquw4znveinftgdq,at://did:plc:7ufq7f6eayiercg6z7o7jnau/app.bsky.feed.post/3l5az5n2nq72q,"Outro ponto fundamental √© cuidar da sua seguran√ßa, pois, sem seguran√ßa, a gente n√£o faz nada. A ideia √© triplicar o or√ßamento da seguran√ßa, que hoje s√≥ recebe 1 em cada 100 reais. Vamos dobrar o efetivo da GMC, arm√°-la e trein√°-la bem para proteger o nosso maior patrim√¥nio: o cidad√£o.

#DebateRecord"
at://did:plc:5ifrakplasnm5dxduqljgzue/app.bsky.feed.post/3l5b3xybr622b,bafyreif3fzs4zdswg4zdk2o64d6cqmbvgs2mjrp3gfsjmwm5v4rims2fay,"Oi, Marina, tudo bom?

Tava vendo sua participa√ß√£o no debate da record e lembrei disso:

""√â fundamental diminuir a dist√¢ncia entre o que se diz e o que se faz, de tal forma que, num dado momento, a tua fala seja a tua pr√°tica.""

Paulo Freire",2024-09-29T02:02:43.246Z,0,0,1,2024-09-29T02:02:43.246Z,prissguerrero1.bsky.social,Priss Guerrero - The Last Clever Barbarian,did:plc:5ifrakplasnm5dxduqljgzue,at://did:plc:7ufq7f6eayiercg6z7o7jnau/app.bsky.feed.post/3l5az5n2nq72q,"Outro ponto fundamental √© cuidar da sua seguran√ßa, pois, sem seguran√ßa, a gente n√£o faz nada. A ideia √© triplicar o or√ßamento da seguran√ßa, que hoje s√≥ recebe 1 em cada 100 reais. Vamos dobrar o efetivo da GMC, arm√°-la e trein√°-la bem para proteger o nosso maior patrim√¥nio: o cidad√£o.

#DebateRecord"
at://did:plc:wn5hgk2hwlvq6yn6nojfqdg3/app.bsky.feed.post/3l5ldjo5yfp2l,bafyreiby2lkt76obzvcgzffwdnobn64nlw72yb7ebrdxovew73n3uv4ity,,2024-10-03T03:44:30.748Z,0,0,0,2024-10-03T03:44:30.748Z,regisanches.bsky.social,,did:plc:wn5hgk2hwlvq6yn6nojfqdg3,at://did:plc:7ufq7f6eayiercg6z7o7jnau/app.bsky.feed.post/3l5aydiygc32f,"Boulos invadiu e depredou pr√©dios p√∫blicos. Ele invadiu e quebrou minist√©rios aqui em S√£o Paulo. Por muito menos, o que ele chama de ‚Äúterrorista‚Äù do 8 de janeiro, gente que escreveu ‚Äúperdeu, man√©‚Äù com batom, est√° longe do conv√≠vio dos seus filhos.

#DebateRecord"
at://did:plc:vypziojzmatbmvdf3rerlu4r/app.bsky.feed.post/3l5cm5idosn2i,bafyreiednnkr3rvya7oimnqcfvk2dhnrhmzyoi25qly33q2ntqrpdnlu4e,"Sai pra l√°,  propagadora de fake news",2024-09-29T16:24:47.858Z,0,0,0,2024-09-29T16:24:47.858Z,robertaro.bsky.social,Beta üö©,did:plc:vypziojzmatbmvdf3rerlu4r,at://did:plc:7ufq7f6eayiercg6z7o7jnau/app.bsky.feed.post/3l5aydiygc32f,"Boulos invadiu e depredou pr√©dios p√∫blicos. Ele invadiu e quebrou minist√©rios aqui em S√£o Paulo. Por muito menos, o que ele chama de ‚Äúterrorista‚Äù do 8 de janeiro, gente que escreveu ‚Äúperdeu, man√©‚Äù com batom, est√° longe do conv√≠vio dos seus filhos.

#DebateRecord"
at://did:plc:vsv2jknun3nc64dhb37lkqva/app.bsky.feed.post/3l5c6uot2622o,bafyreia743mgliu332y2pzl4wd56dhoocwj5yfcy4rt5jz67dib46pnzym,"Eu vi Boulos arrancando uma porta de um gabinete e jogando na rua. Eu vi Boulos esfaqueando uma tela. Eu vi Boulos jogando um rel√≥gio hist√≥rico no ch√£o. Eu vi Boulos cagando no tapete do congresso. Eu vi Boulos quebrando todos os vidros do congresso, STF e pal√°cio.",2024-09-29T12:27:14.525Z,0,0,3,2024-09-29T12:27:14.413Z,lenintrotsky.bsky.social,LeninTrotsky,did:plc:vsv2jknun3nc64dhb37lkqva,at://did:plc:7ufq7f6eayiercg6z7o7jnau/app.bsky.feed.post/3l5aydiygc32f,"Boulos invadiu e depredou pr√©dios p√∫blicos. Ele invadiu e quebrou minist√©rios aqui em S√£o Paulo. Por muito menos, o que ele chama de ‚Äúterrorista‚Äù do 8 de janeiro, gente que escreveu ‚Äúperdeu, man√©‚Äù com batom, est√° longe do conv√≠vio dos seus filhos.

#DebateRecord"
at://did:plc:tkwfzrjwa4rorrue3z4ldjnk/app.bsky.feed.post/3l5d2xnldqq2o,bafyreiahonuypyi7j5csshoo2kgzafw33tktiqaf5vmojibzrdydo4qcyi,"T√°, mas o boulos pregava golpe de estado?",2024-09-29T20:49:57.578Z,0,0,1,2024-09-29T20:49:57.578Z,gilmardesou.bsky.social,,did:plc:tkwfzrjwa4rorrue3z4ldjnk,at://did:plc:7ufq7f6eayiercg6z7o7jnau/app.bsky.feed.post/3l5aydiygc32f,"Boulos invadiu e depredou pr√©dios p√∫blicos. Ele invadiu e quebrou minist√©rios aqui em S√£o Paulo. Por muito menos, o que ele chama de ‚Äúterrorista‚Äù do 8 de janeiro, gente que escreveu ‚Äúperdeu, man√©‚Äù com batom, est√° longe do conv√≠vio dos seus filhos.

#DebateRecord"
at://did:plc:mfvbv5eqlriu4wwfclvaoacj/app.bsky.feed.post/3l5co2f3bah2j,bafyreiafq4hhzme5mijisu5bhs7smxlwn5ps34pfdloofori7gzzmuvhje,FAKE NEWS,2024-09-29T16:58:50.682Z,0,0,0,2024-09-29T16:58:50.682Z,vicantafora.bsky.social,üö©üáµüá∏üá±üáßüáÆüá∑üáæüá™ü™ëVick Cant.,did:plc:mfvbv5eqlriu4wwfclvaoacj,at://did:plc:7ufq7f6eayiercg6z7o7jnau/app.bsky.feed.post/3l5aydiygc32f,"Boulos invadiu e depredou pr√©dios p√∫blicos. Ele invadiu e quebrou minist√©rios aqui em S√£o Paulo. Por muito menos, o que ele chama de ‚Äúterrorista‚Äù do 8 de janeiro, gente que escreveu ‚Äúperdeu, man√©‚Äù com batom, est√° longe do conv√≠vio dos seus filhos.

#DebateRecord"
at://did:plc:koqfeitp6p74umbtfl3olwtt/app.bsky.feed.post/3l5b46aj76l2c,bafyreiglposvsty77sydek6p6zlir6eykhrvlmcff6n34wwc6dwk5otwle,"Os arruaceiros do 8 de janeiro s√£o terroristas, e t√™m q apodrecer na cadeia",2024-09-29T02:06:13.044Z,0,0,2,2024-09-29T02:06:13.044Z,jocadade.bsky.social,Joca ‚ù§Ô∏è Lula l√° ‚ù§Ô∏è,did:plc:koqfeitp6p74umbtfl3olwtt,at://did:plc:7ufq7f6eayiercg6z7o7jnau/app.bsky.feed.post/3l5aydiygc32f,"Boulos invadiu e depredou pr√©dios p√∫blicos. Ele invadiu e quebrou minist√©rios aqui em S√£o Paulo. Por muito menos, o que ele chama de ‚Äúterrorista‚Äù do 8 de janeiro, gente que escreveu ‚Äúperdeu, man√©‚Äù com batom, est√° longe do conv√≠vio dos seus filhos.

#DebateRecord"
at://did:plc:koqfeitp6p74umbtfl3olwtt/app.bsky.feed.post/3l5b44mhazr2r,bafyreifkzfiljgidlbuazw32ahurc6cjuaolnwsyswzeaaauvtnogazzt4,Para de MENTIR,2024-09-29T02:05:18.657Z,0,0,2,2024-09-29T02:05:18.657Z,jocadade.bsky.social,Joca ‚ù§Ô∏è Lula l√° ‚ù§Ô∏è,did:plc:koqfeitp6p74umbtfl3olwtt,at://did:plc:7ufq7f6eayiercg6z7o7jnau/app.bsky.feed.post/3l5aydiygc32f,"Boulos invadiu e depredou pr√©dios p√∫blicos. Ele invadiu e quebrou minist√©rios aqui em S√£o Paulo. Por muito menos, o que ele chama de ‚Äúterrorista‚Äù do 8 de janeiro, gente que escreveu ‚Äúperdeu, man√©‚Äù com batom, est√° longe do conv√≠vio dos seus filhos.

#DebateRecord"
at://did:plc:gst745jvnufjo44qll4otwpt/app.bsky.feed.post/3l5cxgz3ote2w,bafyreia2zxy2cpqmsirwlj7ygo2gqavdgjqjto3tvthaaqaznxxedvhvyy,Mentirosa! Sai fora patricinha! Boulos sempre liderou o movimento de garantia constitucional ao direito √† moradia.,2024-09-29T19:47:35.510Z,0,0,1,2024-09-29T19:46:59.110Z,luismartinsfilho.bsky.social,,did:plc:gst745jvnufjo44qll4otwpt,at://did:plc:7ufq7f6eayiercg6z7o7jnau/app.bsky.feed.post/3l5aydiygc32f,"Boulos invadiu e depredou pr√©dios p√∫blicos. Ele invadiu e quebrou minist√©rios aqui em S√£o Paulo. Por muito menos, o que ele chama de ‚Äúterrorista‚Äù do 8 de janeiro, gente que escreveu ‚Äúperdeu, man√©‚Äù com batom, est√° longe do conv√≠vio dos seus filhos.

#DebateRecord"
at://did:plc:wn5hgk2hwlvq6yn6nojfqdg3/app.bsky.feed.post/3l5axogagqm23,bafyreidgwcwz45xeuedccch4vg2qutp3gpt6qp73mez33oqmog5wivqge4,"T√° maluca, mona? Inventando besteira pra atacar Boulos e o MTST?! Pirou 5%?!?",2024-09-29T00:45:47.988Z,0,0,1,2024-09-29T00:45:47.988Z,regisanches.bsky.social,,did:plc:wn5hgk2hwlvq6yn6nojfqdg3,at://did:plc:7ufq7f6eayiercg6z7o7jnau/app.bsky.feed.post/3l5awsqsd3w2x,"O brasileiro trabalha metade do ano para pagar impostos e n√£o consegue andar com o celular na rua. Se a gente gastar menos dinheiro com parasitas e com a companheirada, vai sobrar dinheiro para cuidar de voc√™ e da sua fam√≠lia.

#DebateRecord"
at://did:plc:gst745jvnufjo44qll4otwpt/app.bsky.feed.post/3l5cxi2uitr2d,bafyreiguvochgmlod7z3kf6qkhiaokple3dauxhx2kac4pzdiextfzs4yy,Burguesa safada!,2024-09-29T19:48:10.942Z,0,0,1,2024-09-29T19:47:34.415Z,luismartinsfilho.bsky.social,,did:plc:gst745jvnufjo44qll4otwpt,at://did:plc:7ufq7f6eayiercg6z7o7jnau/app.bsky.feed.post/3l5awsqsd3w2x,"O brasileiro trabalha metade do ano para pagar impostos e n√£o consegue andar com o celular na rua. Se a gente gastar menos dinheiro com parasitas e com a companheirada, vai sobrar dinheiro para cuidar de voc√™ e da sua fam√≠lia.

#DebateRecord"
at://did:plc:evnefddcbquw4znveinftgdq/app.bsky.feed.post/3l5b2krltlr2f,bafyreieizahd2hy3mfrjd33izzgv6k6sljvtyaj6yg7sdksyw4ffcp4ixi,"ROBOTROM EST√Å CONFIGURADA NAS ELEI√á√ïES BOLSONARISTAS DE 2018.

PAULISTANO N√ÉO √â BURRO",2024-09-29T01:37:26.832Z,0,0,0,2024-09-29T01:37:26.832Z,johnyjapon.bsky.social,Naekaua,did:plc:evnefddcbquw4znveinftgdq,at://did:plc:7ufq7f6eayiercg6z7o7jnau/app.bsky.feed.post/3l5awsqsd3w2x,"O brasileiro trabalha metade do ano para pagar impostos e n√£o consegue andar com o celular na rua. Se a gente gastar menos dinheiro com parasitas e com a companheirada, vai sobrar dinheiro para cuidar de voc√™ e da sua fam√≠lia.

#DebateRecord"
at://did:plc:evnefddcbquw4znveinftgdq/app.bsky.feed.post/3l5axkkbxop2l,bafyreia2e5ustrexrndmhgzabntk5yv26dx3cfleaurgld3nyuoaucx3oq,"A Robotrom , chaveirinho do Pauno Guedes, mentindo.

Se enterra de vez escrotona",2024-09-29T00:43:37.774Z,0,0,1,2024-09-29T00:43:37.774Z,johnyjapon.bsky.social,Naekaua,did:plc:evnefddcbquw4znveinftgdq,at://did:plc:7ufq7f6eayiercg6z7o7jnau/app.bsky.feed.post/3l5awsqsd3w2x,"O brasileiro trabalha metade do ano para pagar impostos e n√£o consegue andar com o celular na rua. Se a gente gastar menos dinheiro com parasitas e com a companheirada, vai sobrar dinheiro para cuidar de voc√™ e da sua fam√≠lia.

#DebateRecord"
at://did:plc:tkwfzrjwa4rorrue3z4ldjnk/app.bsky.feed.post/3l5d2z3dqkl2v,bafyreidampmvvluzgq5bscmvgt3qsx37f34bjfgiv7xewhdwqstyqbv2vi,√â o candidato do seu painho bolsonaro,2024-09-29T20:50:45.553Z,0,0,0,2024-09-29T20:50:45.553Z,gilmardesou.bsky.social,,did:plc:tkwfzrjwa4rorrue3z4ldjnk,at://did:plc:7ufq7f6eayiercg6z7o7jnau/app.bsky.feed.post/3l5awlg3frd2v,"""Ricardo Nunes, na campanha, gastou 637 mil reais no aluguel de 12 carros de uma empresa estranha. Gostaria que voc√™ explicasse isso aos eleitores: como foi usado esse recurso dos nossos impostos?""

#DebateRecord"
at://did:plc:evnefddcbquw4znveinftgdq/app.bsky.feed.post/3l5axo2w2df2o,bafyreid3a6aha734y2tha2bzo6qddmr73nd6qy5soz2q4xoa4gq5y2ptem,Robotrom sempre achando que t√° no desgoverno do Bozo,2024-09-29T00:45:36.041Z,0,0,1,2024-09-29T00:45:36.041Z,johnyjapon.bsky.social,Naekaua,did:plc:evnefddcbquw4znveinftgdq,at://did:plc:7ufq7f6eayiercg6z7o7jnau/app.bsky.feed.post/3l5awlg3frd2v,"""Ricardo Nunes, na campanha, gastou 637 mil reais no aluguel de 12 carros de uma empresa estranha. Gostaria que voc√™ explicasse isso aos eleitores: como foi usado esse recurso dos nossos impostos?""

#DebateRecord"
at://did:plc:ycfomnnrjd5quzb27lcercoy/app.bsky.feed.post/3l5cfpsrp2b2m,bafyreiganhaan3edjtmn6ybc3sozfuuhkbzysuptnx3h2p64wkakix5iiq,,2024-09-29T14:29:46.799Z,0,0,0,2024-09-29T14:29:46.799Z,gildi49.bsky.social,Montagens gil.di,did:plc:ycfomnnrjd5quzb27lcercoy,at://did:plc:7ufq7f6eayiercg6z7o7jnau/app.bsky.feed.post/3l5apvyftgz2y,"Hoje tem debate!

√Äs 21h, na TV Record.

Quem vai assistir? üî•

#DebateRecord
youtube.com/live/4fJ9IkBp90A"
at://did:plc:ozyek3pfmeizr7jqymvg2exf/app.bsky.feed.post/3l5axtaaqj42z,bafyreiabg25bftsvg76faoafjkbjdsby2a6t4ux42oeuys254cmili4khq,"Pr√©dio SEM USO e sem fun√ß√£o social √© de direito constitucional ocupar. Ta nesse livrinho aqui que pelo visto voc√™ n√£o deve ter lido, pra ficar defendendo terrorista bolsonarista.",2024-09-29T00:48:29.832Z,1,0,1,2024-09-29T00:48:29.832Z,anuubssantos.bsky.social,Nubs Santos ‚ò≠ üáµüá∏,did:plc:ozyek3pfmeizr7jqymvg2exf,at://did:plc:7ufq7f6eayiercg6z7o7jnau/app.bsky.feed.post/3l5apvyftgz2y,"Hoje tem debate!

√Äs 21h, na TV Record.

Quem vai assistir? üî•

#DebateRecord
youtube.com/live/4fJ9IkBp90A"
at://did:plc:koqfeitp6p74umbtfl3olwtt/app.bsky.feed.post/3l5b46nxigj26,bafyreighjo2uf4fsz5tlbpulivuyimomqqx4k7yjnnknosw2y4vq2rdg2a,P√©ssima,2024-09-29T02:06:27.372Z,0,0,0,2024-09-29T02:06:27.372Z,jocadade.bsky.social,Joca ‚ù§Ô∏è Lula l√° ‚ù§Ô∏è,did:plc:koqfeitp6p74umbtfl3olwtt,at://did:plc:7ufq7f6eayiercg6z7o7jnau/app.bsky.feed.post/3l5apvyftgz2y,"Hoje tem debate!

√Äs 21h, na TV Record.

Quem vai assistir? üî•

#DebateRecord
youtube.com/live/4fJ9IkBp90A"
at://did:plc:evnefddcbquw4znveinftgdq/app.bsky.feed.post/3l5b3cis56s2l,bafyreih2qcf6ei4iadkunl6ba7q7ot4s5woyqv4n5if7jun2k3x7r6gzmm,"VOC√ä √â TODA TORTA, ROBOTROM

PEDE PRO ORTOPEDISTA T√âCNICO EM ROB√î BOTAR SEU PESCO√áO NO LUGAR",2024-09-29T01:50:42.902Z,0,0,0,2024-09-29T01:50:42.902Z,johnyjapon.bsky.social,Naekaua,did:plc:evnefddcbquw4znveinftgdq,at://did:plc:7ufq7f6eayiercg6z7o7jnau/app.bsky.feed.post/3l5apvyftgz2y,"Hoje tem debate!

√Äs 21h, na TV Record.

Quem vai assistir? üî•

#DebateRecord
youtube.com/live/4fJ9IkBp90A"
at://did:plc:evnefddcbquw4znveinftgdq/app.bsky.feed.post/3l5avmxp36t2b,bafyreihkvwjsx3fcwjyol5kio3tmg57ga64v7yjia426lvtgxtp6mtsqei,"Robotrom, voc√™ fala nada com nada sobre SP.

Nem sabe achar no mapa. Vaza , forasteira.",2024-09-29T00:09:11.468Z,0,0,0,2024-09-29T00:09:11.468Z,johnyjapon.bsky.social,Naekaua,did:plc:evnefddcbquw4znveinftgdq,at://did:plc:7ufq7f6eayiercg6z7o7jnau/app.bsky.feed.post/3l5apvyftgz2y,"Hoje tem debate!

√Äs 21h, na TV Record.

Quem vai assistir? üî•

#DebateRecord
youtube.com/live/4fJ9IkBp90A"
at://did:plc:xws3x636yuqvbj4lvsrs6pec/app.bsky.feed.post/3l4utg2bgr42g,bafyreigwq3bb5s2icr2pax6z5yt3b4cd4duykf777rzfpfdhg7rn6nbr6y,"Marina, voc√™ n√£o teve coragem de responder a pergunta que lhe foi dita, e n√£o para perguntar. Porque voc√™ n√£o respondeu sobre o negacionismo do Governo Bolsonaro?! Fazer pergunta no tempo em que era pra fazer resposta e f√°cil, dif√≠cil √© responder √† popula√ß√£o o que lh√™ foi perguntado n√©?!",2024-09-24T04:57:30.935Z,1,0,1,2024-09-24T04:57:30.935Z,faluz.bsky.social,,did:plc:xws3x636yuqvbj4lvsrs6pec,at://did:plc:7ufq7f6eayiercg6z7o7jnau/app.bsky.feed.post/3l4uii5avk62q,"A ideia √© t√£o boa, que quiseram copiar! 

Na minha gest√£o, quem ficar mais de 30 dias na fila de espera da sa√∫de, receber√° um valor para que seja atendido no particular!"
at://did:plc:wn5hgk2hwlvq6yn6nojfqdg3/app.bsky.feed.post/3l5axq6qbzi2o,bafyreiafjruazta57ynz5chjg3narmjwnjz2unr6o4ju7knxvpgmoaoiwm,,2024-09-29T00:46:47.188Z,0,0,1,2024-09-29T00:46:47.188Z,regisanches.bsky.social,,did:plc:wn5hgk2hwlvq6yn6nojfqdg3,at://did:plc:7ufq7f6eayiercg6z7o7jnau/app.bsky.feed.post/3l4uii5avk62q,"A ideia √© t√£o boa, que quiseram copiar! 

Na minha gest√£o, quem ficar mais de 30 dias na fila de espera da sa√∫de, receber√° um valor para que seja atendido no particular!"
at://did:plc:koqfeitp6p74umbtfl3olwtt/app.bsky.feed.post/3l5b47icdqa2k,bafyreiav5vwlvupnwmmigocwpkiyxs6sf3kk5h3b6zjvrq7h3htew3baiu,"Vai ter gest√£o nenhuma. 

Vai voltar pra casa. 

Tchau.",2024-09-29T02:06:54.711Z,0,0,0,2024-09-29T02:06:54.711Z,jocadade.bsky.social,Joca ‚ù§Ô∏è Lula l√° ‚ù§Ô∏è,did:plc:koqfeitp6p74umbtfl3olwtt,at://did:plc:7ufq7f6eayiercg6z7o7jnau/app.bsky.feed.post/3l4uii5avk62q,"A ideia √© t√£o boa, que quiseram copiar! 

Na minha gest√£o, quem ficar mais de 30 dias na fila de espera da sa√∫de, receber√° um valor para que seja atendido no particular!"
at://did:plc:brc6zdchw5epsg7b43pjxa7t/app.bsky.feed.post/3l4uv7e7hrr2j,bafyreibpb2tp4borq6n46mdkpwwpqpdyxjekob2jfr7nszstwqxzarmzse,"muito boa. 
bora destruir a sa√∫de p√∫blica ü§©",2024-09-24T05:29:38.171Z,0,0,3,2024-09-24T05:29:38.171Z,gvilherme.bsky.social,Guigo,did:plc:brc6zdchw5epsg7b43pjxa7t,at://did:plc:7ufq7f6eayiercg6z7o7jnau/app.bsky.feed.post/3l4uii5avk62q,"A ideia √© t√£o boa, que quiseram copiar! 

Na minha gest√£o, quem ficar mais de 30 dias na fila de espera da sa√∫de, receber√° um valor para que seja atendido no particular!"
at://did:plc:4c7fy6kqirt5s6b3muv5sg2l/app.bsky.feed.post/3l4vipvrkcg22,bafyreia2h7zezoj2onh57xjeafje7tl63ajcsyl6zldxwxuooytiuj44hm,"E ent√£o, quando a senhora ir√° entrar de floresta adentro com um extintor? Estamos aguardando ansiosamente, s√≥ depende de voc√™, esfor√ßo individual √© tudo, vai garotinha, e n√£o deixe de usar salto, n√£o pode perder a eleg√¢ncia.",2024-09-24T11:18:54.456Z,1,0,2,2024-09-24T11:18:54.456Z,cleberhc.bsky.social,Cleber Hc,did:plc:4c7fy6kqirt5s6b3muv5sg2l,at://did:plc:7ufq7f6eayiercg6z7o7jnau/app.bsky.feed.post/3l4uii5avk62q,"A ideia √© t√£o boa, que quiseram copiar! 

Na minha gest√£o, quem ficar mais de 30 dias na fila de espera da sa√∫de, receber√° um valor para que seja atendido no particular!"
at://did:plc:ycfomnnrjd5quzb27lcercoy/app.bsky.feed.post/3l5cfq7iq6z2i,bafyreih5y6nrsnkm7vq5s55ikzfs3e4drx6u6p6vsfjqjyrycfvbvragyi,,2024-09-29T14:30:00.135Z,0,0,0,2024-09-29T14:30:00.135Z,gildi49.bsky.social,Montagens gil.di,did:plc:ycfomnnrjd5quzb27lcercoy,at://did:plc:7ufq7f6eayiercg6z7o7jnau/app.bsky.feed.post/3l4ugz34v5y2b,√â t√£o dif√≠cil para os jornalistas perguntarem sobre S√£o Paulo? #Vote30 #DebateFlow
at://did:plc:vsv2jknun3nc64dhb37lkqva/app.bsky.feed.post/3l4vytxfvh62m,bafyreifdiq4hbw5c6cf77pjwzrdjeognruk7svbppeq4zjafaskhtszzgy,"T√°, mas cad√™ as provas do jatinho da T√°bata?",2024-09-24T16:07:29.196Z,0,0,0,2024-09-24T16:07:29.196Z,lenintrotsky.bsky.social,LeninTrotsky,did:plc:vsv2jknun3nc64dhb37lkqva,at://did:plc:7ufq7f6eayiercg6z7o7jnau/app.bsky.feed.post/3l4ugz34v5y2b,√â t√£o dif√≠cil para os jornalistas perguntarem sobre S√£o Paulo? #Vote30 #DebateFlow
at://did:plc:aymrbq4ickgcmk5l4h3dt5bt/app.bsky.feed.post/3l4uhv4yysp2p,bafyreidiknjx44wme44j6pzwysvif6ahgqgbmusz5xps27bt35xubicq6y,Nossa que jantada,2024-09-24T01:31:16.256Z,0,0,0,2024-09-24T01:31:16.256Z,maupelaio.bsky.social,,did:plc:aymrbq4ickgcmk5l4h3dt5bt,at://did:plc:7ufq7f6eayiercg6z7o7jnau/app.bsky.feed.post/3l4ugz34v5y2b,√â t√£o dif√≠cil para os jornalistas perguntarem sobre S√£o Paulo? #Vote30 #DebateFlow
at://did:plc:6m3nmpxqz7s3hs2l6tbedyhl/app.bsky.feed.post/3l4uho7v32t26,bafyreiguc6yh3unr4l62vqfx6qxtsi3isgw63aavtjva32wazjfnm44dk4,"voc√™ √© burra, desconexa da realidade ou desonesta?",2024-09-24T01:27:24.197Z,1,0,3,2024-09-24T01:27:24.197Z,viniordeku.bsky.social,NA,did:plc:6m3nmpxqz7s3hs2l6tbedyhl,at://did:plc:7ufq7f6eayiercg6z7o7jnau/app.bsky.feed.post/3l4ugz34v5y2b,√â t√£o dif√≠cil para os jornalistas perguntarem sobre S√£o Paulo? #Vote30 #DebateFlow
at://did:plc:2qopw2ydu76zbfljzehuad2n/app.bsky.feed.post/3l4uhtfu4v62c,bafyreihwvuzr57pxymb6klgohk6pqumow5o5lsh4ovqmasn22ubtbaaany,"√â t√£o dif√≠cil falar porta de sa√≠da DA ao inv√©s de PARA a cracolandia? Exatamente jovens, nem um pouco. Esse √© seu verdadeiro plano",2024-09-24T01:30:18.877Z,0,0,0,2024-09-24T01:30:18.800Z,comecu-br.bsky.social,COmunidade MEridional CUltural do BRASIL,did:plc:2qopw2ydu76zbfljzehuad2n,at://did:plc:7ufq7f6eayiercg6z7o7jnau/app.bsky.feed.post/3l4ugz34v5y2b,√â t√£o dif√≠cil para os jornalistas perguntarem sobre S√£o Paulo? #Vote30 #DebateFlow
at://did:plc:l5ehmf522gqm6sikvkrn5ida/app.bsky.feed.post/3l4uueha2lm2o,bafyreifxr4vewtdrx6a23lsmasha56k5k7drlv7d25cxbzjonl5wsgqjje,Quando a prezada estava no minist√©rio da economia uma caixa de leite era dez prata,2024-09-24T05:14:34.573Z,0,0,0,2024-09-24T05:14:34.573Z,lifeonmarx.bsky.social,Edu,did:plc:l5ehmf522gqm6sikvkrn5ida,at://did:plc:7ufq7f6eayiercg6z7o7jnau/app.bsky.feed.post/3l4ufmbumsl2f,"Precisamos da PORTA DE SA√çDA PARA A CRACOL√ÇNDIA! 

Gastamos bilh√µes com organiza√ß√µes, enquanto mais pessoas tornam-se ainda mais dependentes e caminham para longe da recupera√ß√£o real. 

Tem jeito, acreditem. Basta fazer!"
at://did:plc:k5idazzva4skixm562jceef3/app.bsky.feed.post/3l4ufyxbawa2g,bafyreiebndjqeljdxb3s5b2m2msb7trlt5azberelkqlvsyneeerlnjdd4,J√° pegou o seu extintor pra ir ao Pantanal apagar inc√™ndio?,2024-09-24T00:57:36.046Z,1,0,1,2024-09-24T00:57:36.046Z,pbkaio.bsky.social,Kaio,did:plc:k5idazzva4skixm562jceef3,at://did:plc:7ufq7f6eayiercg6z7o7jnau/app.bsky.feed.post/3l4ufmbumsl2f,"Precisamos da PORTA DE SA√çDA PARA A CRACOL√ÇNDIA! 

Gastamos bilh√µes com organiza√ß√µes, enquanto mais pessoas tornam-se ainda mais dependentes e caminham para longe da recupera√ß√£o real. 

Tem jeito, acreditem. Basta fazer!"
at://did:plc:dxt2j6mcz54r53rlykzrdwdj/app.bsky.feed.post/3l4ws4k3gpd2i,bafyreidyltwtl4k5qpzy5xaaipjs6s4tnqey6dkzvmsihx4k2kq65l47k4,"Precisa de porta de sa√≠da pra essa mentalidade liberal√≥ide sua.

Vai apagar inc√™ndio florestal com extintor? Vai mandar instalar sprinkler no ibirapuera?",2024-09-24T23:39:38.826Z,1,0,1,2024-09-24T23:39:38.826Z,oalim.bsky.social,Renan Lima ,did:plc:dxt2j6mcz54r53rlykzrdwdj,at://did:plc:7ufq7f6eayiercg6z7o7jnau/app.bsky.feed.post/3l4ufmbumsl2f,"Precisamos da PORTA DE SA√çDA PARA A CRACOL√ÇNDIA! 

Gastamos bilh√µes com organiza√ß√µes, enquanto mais pessoas tornam-se ainda mais dependentes e caminham para longe da recupera√ß√£o real. 

Tem jeito, acreditem. Basta fazer!"
at://did:plc:4c7fy6kqirt5s6b3muv5sg2l/app.bsky.feed.post/3l4vivlzqjv24,bafyreig2f3anx3zs6bn6uh53w7p4ae4qx2lg2d3nopr2i6z2vryymwcbyq,"T√°, mas como? Diga a√≠, estamos esperando.",2024-09-24T11:22:05.334Z,0,0,1,2024-09-24T11:22:05.334Z,cleberhc.bsky.social,Cleber Hc,did:plc:4c7fy6kqirt5s6b3muv5sg2l,at://did:plc:7ufq7f6eayiercg6z7o7jnau/app.bsky.feed.post/3l4ufmbumsl2f,"Precisamos da PORTA DE SA√çDA PARA A CRACOL√ÇNDIA! 

Gastamos bilh√µes com organiza√ß√µes, enquanto mais pessoas tornam-se ainda mais dependentes e caminham para longe da recupera√ß√£o real. 

Tem jeito, acreditem. Basta fazer!"
at://did:plc:2qopw2ydu76zbfljzehuad2n/app.bsky.feed.post/3l4ug62zak72r,bafyreiad6zzbywom7rb5bovpkr45h2j3y6o3ypttrumd5dvc2fhdw2i4ku,"FINALMEMTE ALGO EM QUE COMCORDAMOS, HOLANDESA!!! O cidad√£o sai pela porta de casa e vai direto pra cracolandia!!!! Boa proposta candidata",2024-09-24T01:00:29.061Z,0,0,2,2024-09-24T01:00:29.017Z,comecu-br.bsky.social,COmunidade MEridional CUltural do BRASIL,did:plc:2qopw2ydu76zbfljzehuad2n,at://did:plc:7ufq7f6eayiercg6z7o7jnau/app.bsky.feed.post/3l4ufmbumsl2f,"Precisamos da PORTA DE SA√çDA PARA A CRACOL√ÇNDIA! 

Gastamos bilh√µes com organiza√ß√µes, enquanto mais pessoas tornam-se ainda mais dependentes e caminham para longe da recupera√ß√£o real. 

Tem jeito, acreditem. Basta fazer!"
at://did:plc:zcuafumcyt62o3b5auzwda3l/app.bsky.feed.post/3l4ueqairj52p,bafyreigswxlad3g5bzb5ubiqoi3yu4zjxdwwxu2yqn6rvyhkt3eaedjzuy,"Imagina a familia da mo√ßa hahahahaha

Passando pouca vergonha amanh√£ com mais um show de intelig√™ncia 

bsky.app/profile/jefi...",2024-09-24T00:34:51.075Z,0,0,0,2024-09-24T00:34:51.075Z,xatuba06.bsky.social,,did:plc:zcuafumcyt62o3b5auzwda3l,at://did:plc:7ufq7f6eayiercg6z7o7jnau/app.bsky.feed.post/3l4udn3rovz2v,"Paralelamente, criaremos um
marco zero, a partir do qual novas invas√µes n√£o ser√£o legalizadas."
at://did:plc:7ufq7f6eayiercg6z7o7jnau/app.bsky.feed.post/3l4udn3rovz2v,bafyreigg77i2stdszqaa7rrd6icvnu64znql3lsmoemdjweydkuo7aao4y,"Paralelamente, criaremos um
marco zero, a partir do qual novas invas√µes n√£o ser√£o legalizadas.",2024-09-24T00:15:11.451Z,1,0,5,2024-09-24T00:15:11.451Z,marinahelenabr.com.br,Marina Helena 30,did:plc:7ufq7f6eayiercg6z7o7jnau,at://did:plc:7ufq7f6eayiercg6z7o7jnau/app.bsky.feed.post/3l4udmmt7du2g,"QUEBRADA COM ESCRITURA üè†

Dentro do programa nacional de
regulariza√ß√£o fundi√°ria, forneceremos t√≠tulos de propriedade expressos para habita√ß√µes sem risco e com propriedade pacificada."
at://did:plc:7ufq7f6eayiercg6z7o7jnau/app.bsky.feed.post/3l4udmmt7du2g,bafyreibt2ikreebgj2acpq2i4pje4jhm5t2vh6shko4jbvcvj6axwi7ivy,"QUEBRADA COM ESCRITURA üè†

Dentro do programa nacional de
regulariza√ß√£o fundi√°ria, forneceremos t√≠tulos de propriedade expressos para habita√ß√µes sem risco e com propriedade pacificada.",2024-09-24T00:14:55.773Z,1,0,5,2024-09-24T00:14:55.773Z,marinahelenabr.com.br,Marina Helena 30,did:plc:7ufq7f6eayiercg6z7o7jnau,at://did:plc:7ufq7f6eayiercg6z7o7jnau/app.bsky.feed.post/3l4udlpcbvt2f,"Falar √© f√°cil, fazer que √© complicado!

S√£o Paulo precisa de uma revis√£o total quando o tema √© tr√¢nsito e urbanismo, j√° que impactam diretamente o bem-estar, sa√∫de e economia de cada cidad√£o da nossa cidade.

J√° falei sobre a QUEBRADA COM ESCRITURA por aqui, mas se voc√™ ainda n√£o sabe, segue o fio üëáüèª"
at://did:plc:ehphhhlmmh5rcop7y3qcsmcf/app.bsky.feed.post/3l4vtk7mid42v,bafyreihpo2ivibbsad627opi5fzu4lejjjgru6xf63ql25thxayuueqfua,"Poxa, candidata, que papel√£o. Foi preocupada em ‚Äújantar‚Äù, achando que seria como nos anteriores, competi√ß√£o de lacrac√£o, e quando se deparou com perguntas sobre quest√µes reais para a sociedade paulistana, mostrou que n√£o est√° preparada e √© desconexa da realidade. √â surreal algu√©m te achar preparada.",2024-09-24T14:32:34.676Z,0,0,0,2024-09-24T14:32:34.676Z,antoniazi.bsky.social,Guto Antoniazi,did:plc:ehphhhlmmh5rcop7y3qcsmcf,at://did:plc:7ufq7f6eayiercg6z7o7jnau/app.bsky.feed.post/3l4uallcfpj2w,Aqui vamos jantar logo mais. üî• #DebateFlow
at://did:plc:cnneitkai3legl73nzufixpy/app.bsky.feed.post/3l57apcyisc2y,bafyreiazsw5sb4c5klalaxfn6oktzefahdg7rmj7mkkflgzfb6rnwkak5y,Dessa s√≥ sai bosta da boca .,2024-09-28T08:22:00.272Z,0,0,0,2024-09-28T08:22:00.272Z,dall69.bsky.social,√Çngela Dall‚Äôüö©,did:plc:cnneitkai3legl73nzufixpy,at://did:plc:7ufq7f6eayiercg6z7o7jnau/app.bsky.feed.post/3l4td2xfbqg2g,"Bora com mais uma entrevista? 
Te espero hoje, √†s 14h üß°üëäüèº
#Vote30 

www.youtube.com/watch?v=INSm..."
at://did:plc:vsv2jknun3nc64dhb37lkqva/app.bsky.feed.post/3l4m4263k472d,bafyreiamvqvcs4zdnrywwksullrfohfpclrprz7xht4ga4e5vqyzuxddny,Cad√™ as provas do jatinho da T√°bata?,2024-09-20T17:38:02.400Z,0,0,2,2024-09-20T17:38:02.400Z,lenintrotsky.bsky.social,LeninTrotsky,did:plc:vsv2jknun3nc64dhb37lkqva,at://did:plc:7ufq7f6eayiercg6z7o7jnau/app.bsky.feed.post/3l4lvymlkgs2b,"N√£o adianta dizer que defende a educa√ß√£o e, no fundo, defender sindicato! O que importa, a meta que realmente precisa ser alcan√ßada: a educa√ß√£o do seu filho. Saber que a escola √© um lugar de educa√ß√£o e n√£o doutrina√ß√£o."
at://did:plc:ny6nqpkrc5ekjgw35yiv4cak/app.bsky.feed.post/3l4m6njlkle2v,bafyreignc4mq45zyh7xhxfsq4z46pujk5axttinv5xidsaflybe33m663a,"Candidata, a senhora est√° de parab√©ns.
Acho que pouqu√≠ssimas vezes se viu um(a) candidato(a) com t√£o pouco a apresentar, e com tanta dificuldade pra expor esse pouco.
Deixo aqui meus cumprimentos por seu destaque nesse √∫ltimo debate.",2024-09-20T18:24:38.775Z,1,0,4,2024-09-20T18:24:38.775Z,crismoretto.bsky.social,,did:plc:ny6nqpkrc5ekjgw35yiv4cak,at://did:plc:7ufq7f6eayiercg6z7o7jnau/app.bsky.feed.post/3l4lvymlkgs2b,"N√£o adianta dizer que defende a educa√ß√£o e, no fundo, defender sindicato! O que importa, a meta que realmente precisa ser alcan√ßada: a educa√ß√£o do seu filho. Saber que a escola √© um lugar de educa√ß√£o e n√£o doutrina√ß√£o."
at://did:plc:lv5npoevwonquujmlldey5xb/app.bsky.feed.post/3l52qylho2u2p,bafyreiamfwmlya25asjpo4gon5lcllq2hhmbwo6uftjwrntmp3kcncm6n4,"Nossa!!!!
Quanta asneira!!!
Se continuar assim, vai merecer carteirinha de maluca.",2024-09-26T13:30:13.874Z,0,0,0,2024-09-26T13:30:13.874Z,lexotan10.bsky.social,MatildeM ,did:plc:lv5npoevwonquujmlldey5xb,at://did:plc:7ufq7f6eayiercg6z7o7jnau/app.bsky.feed.post/3l4lvymlkgs2b,"N√£o adianta dizer que defende a educa√ß√£o e, no fundo, defender sindicato! O que importa, a meta que realmente precisa ser alcan√ßada: a educa√ß√£o do seu filho. Saber que a escola √© um lugar de educa√ß√£o e n√£o doutrina√ß√£o."
at://did:plc:fl3ivy44s5aynrpqp4q7ra5v/app.bsky.feed.post/3l4m32mfdac2s,bafyreibn6zx4mynurkmnpqjedkkkrh5epqvf57jmzyz2lhrjjhtsxijsly,Sem neur√¥nios,2024-09-20T17:23:44.605Z,0,0,3,2024-09-20T17:20:24.015Z,marciabezerra2024.bsky.social,Marcia Bezerra,did:plc:fl3ivy44s5aynrpqp4q7ra5v,at://did:plc:7ufq7f6eayiercg6z7o7jnau/app.bsky.feed.post/3l4lvymlkgs2b,"N√£o adianta dizer que defende a educa√ß√£o e, no fundo, defender sindicato! O que importa, a meta que realmente precisa ser alcan√ßada: a educa√ß√£o do seu filho. Saber que a escola √© um lugar de educa√ß√£o e n√£o doutrina√ß√£o."
at://did:plc:eiqnyw4ajdikdhzmulcxkxfm/app.bsky.feed.post/3l4lzoy4xqs22,bafyreiac6bcmd7x2mkksmwjf5vvm4atdumvu7rtpihxprtqtddnxqcsheq,Maluca,2024-09-20T16:55:58.289Z,0,0,4,2024-09-20T16:55:58.289Z,isabelhab.bsky.social,Chef do refeit√≥rio do Instituto Banana Preta,did:plc:eiqnyw4ajdikdhzmulcxkxfm,at://did:plc:7ufq7f6eayiercg6z7o7jnau/app.bsky.feed.post/3l4lvymlkgs2b,"N√£o adianta dizer que defende a educa√ß√£o e, no fundo, defender sindicato! O que importa, a meta que realmente precisa ser alcan√ßada: a educa√ß√£o do seu filho. Saber que a escola √© um lugar de educa√ß√£o e n√£o doutrina√ß√£o."
at://did:plc:7h2et54jmka7ezhh5rqnivlo/app.bsky.feed.post/3l4mdhpn3ds2e,bafyreihx7zjquwt6vwvdus4a62dsjay5gufx5s2tclsuuz6p4akdbeprd4,kkkkkkkkkkkkkkkkkkkkkkkkkkkkkk,2024-09-20T19:50:48.496Z,0,0,2,2024-09-20T19:50:48.496Z,cabanadoleitor.bsky.social,Cabana do Leitor,did:plc:7h2et54jmka7ezhh5rqnivlo,at://did:plc:7ufq7f6eayiercg6z7o7jnau/app.bsky.feed.post/3l4lvymlkgs2b,"N√£o adianta dizer que defende a educa√ß√£o e, no fundo, defender sindicato! O que importa, a meta que realmente precisa ser alcan√ßada: a educa√ß√£o do seu filho. Saber que a escola √© um lugar de educa√ß√£o e n√£o doutrina√ß√£o."
at://did:plc:ystfxcvvwsze6kkv33xh6gzq/app.bsky.feed.post/3l4mqnptl7u23,bafyreiamn4k4fbwaggxdcorqscpu4leu7ehcm4jscpadc3fsktlrlonf44,"@marinahelenabr.com.br Voc√™ foi √≥tima no Debate, voc√™ sim demonstrou proatividade com rela√ß√£o a S√£o Paulo. Ficou vis√≠vel que voc√™ √© a √∫nica candidata mais bem preparada para ser Prefeita de S√£o Paulo. #MarinaPrefeita30",2024-09-20T23:46:48.869Z,0,0,0,2024-09-20T23:46:48.869Z,joao222.bsky.social,Jo√£o Vitor ,did:plc:ystfxcvvwsze6kkv33xh6gzq,at://did:plc:7ufq7f6eayiercg6z7o7jnau/app.bsky.feed.post/3l4ltbzp6qk24,"Boulos diz que haver√° rela√ß√£o de respeito com a GCM. Piada!

Apoia saidinha de presos

Apoia o maior ladr√£o de todos 

Foi em um desfile de escola de samba onde os policiais estavam vestidos de ‚Äúdem√¥nios‚Äù 

O paulistano n√£o √© bobo e nossa cidade N√ÉO FICAR√Å NAS M√ÉOS DE QUEM APOIA BANDIDO!

#DebateSBT"
at://did:plc:vrjbnswsxflgf7iwhr6wixcl/app.bsky.feed.post/3l4lth3krc62r,bafyreie3dbgn2ma6v2dtqvoeox3ybjyqvyar6qq4wltzi57wwwra3i5jxm,Vc √© deprimente Marina!,2024-09-20T15:04:12.468Z,0,0,2,2024-09-20T15:04:12.468Z,bonolibia.bsky.social,Bia Bonoli Œ®,did:plc:vrjbnswsxflgf7iwhr6wixcl,at://did:plc:7ufq7f6eayiercg6z7o7jnau/app.bsky.feed.post/3l4ltbzp6qk24,"Boulos diz que haver√° rela√ß√£o de respeito com a GCM. Piada!

Apoia saidinha de presos

Apoia o maior ladr√£o de todos 

Foi em um desfile de escola de samba onde os policiais estavam vestidos de ‚Äúdem√¥nios‚Äù 

O paulistano n√£o √© bobo e nossa cidade N√ÉO FICAR√Å NAS M√ÉOS DE QUEM APOIA BANDIDO!

#DebateSBT"
at://did:plc:uwveuxmaoov6evla3zc3czj6/app.bsky.feed.post/3l4ltdqi4ik26,bafyreiezk3jyyk4bh62wilgg7vdmuevwbow5oasxzwt5hc5jw4wmvhbjgy,"piada √© sua participa√ß√£o no debate, minha senhora. 
que tal fazer propostas concretas ao inv√©s de s√≥ ficar falando ""e o pt, hein?""",2024-09-20T15:02:19.729Z,0,0,6,2024-09-20T15:02:19.729Z,itsevan.bsky.social,namorado da val pereira,did:plc:uwveuxmaoov6evla3zc3czj6,at://did:plc:7ufq7f6eayiercg6z7o7jnau/app.bsky.feed.post/3l4ltbzp6qk24,"Boulos diz que haver√° rela√ß√£o de respeito com a GCM. Piada!

Apoia saidinha de presos

Apoia o maior ladr√£o de todos 

Foi em um desfile de escola de samba onde os policiais estavam vestidos de ‚Äúdem√¥nios‚Äù 

O paulistano n√£o √© bobo e nossa cidade N√ÉO FICAR√Å NAS M√ÉOS DE QUEM APOIA BANDIDO!

#DebateSBT"
at://did:plc:t5hmxlvnqme3tbtwbflieks4/app.bsky.feed.post/3l4lte6waid2n,bafyreih4y2hajoa4oih6yxryoysw256egit7j4hktjzspa53h2h5j3o73e,"T√° bom, Alexa",2024-09-20T15:02:32.718Z,0,0,0,2024-09-20T15:02:32.718Z,pedrobala25.bsky.social,,did:plc:t5hmxlvnqme3tbtwbflieks4,at://did:plc:7ufq7f6eayiercg6z7o7jnau/app.bsky.feed.post/3l4ltbzp6qk24,"Boulos diz que haver√° rela√ß√£o de respeito com a GCM. Piada!

Apoia saidinha de presos

Apoia o maior ladr√£o de todos 

Foi em um desfile de escola de samba onde os policiais estavam vestidos de ‚Äúdem√¥nios‚Äù 

O paulistano n√£o √© bobo e nossa cidade N√ÉO FICAR√Å NAS M√ÉOS DE QUEM APOIA BANDIDO!

#DebateSBT"
at://did:plc:s76yv4fejgleqqgihvz2ketu/app.bsky.feed.post/3l4lui3fdqc27,bafyreicw52lx6etez5pbfukwwojch3tvccxmc7ycpzyws6mighnirzwex4,Seu lugar √© no twitter,2024-09-20T15:22:34.090Z,0,0,0,2024-09-20T15:22:34.090Z,gabrielvframos.bsky.social,,did:plc:s76yv4fejgleqqgihvz2ketu,at://did:plc:7ufq7f6eayiercg6z7o7jnau/app.bsky.feed.post/3l4ltbzp6qk24,"Boulos diz que haver√° rela√ß√£o de respeito com a GCM. Piada!

Apoia saidinha de presos

Apoia o maior ladr√£o de todos 

Foi em um desfile de escola de samba onde os policiais estavam vestidos de ‚Äúdem√¥nios‚Äù 

O paulistano n√£o √© bobo e nossa cidade N√ÉO FICAR√Å NAS M√ÉOS DE QUEM APOIA BANDIDO!

#DebateSBT"
at://did:plc:odoqon7u6w3julsncp4ttskc/app.bsky.feed.post/3l4lu5jrac22n,bafyreig7pjtrvpvt7n4o63ph7g2nteudrklrhckepejjaljaxcpbtsbgcu,"GRA√áAS A DEUS QUE A CHANCE DESSA MARINA VENCER √â BEM DIZER ZERO.
www.metropoles.com/colunas/igor...",2024-09-20T15:16:45.715Z,0,0,1,2024-09-20T15:16:45.714Z,rooliveira7.bsky.social,Ronaldo,did:plc:odoqon7u6w3julsncp4ttskc,at://did:plc:7ufq7f6eayiercg6z7o7jnau/app.bsky.feed.post/3l4ltbzp6qk24,"Boulos diz que haver√° rela√ß√£o de respeito com a GCM. Piada!

Apoia saidinha de presos

Apoia o maior ladr√£o de todos 

Foi em um desfile de escola de samba onde os policiais estavam vestidos de ‚Äúdem√¥nios‚Äù 

O paulistano n√£o √© bobo e nossa cidade N√ÉO FICAR√Å NAS M√ÉOS DE QUEM APOIA BANDIDO!

#DebateSBT"
at://did:plc:odoqon7u6w3julsncp4ttskc/app.bsky.feed.post/3l4lu3xsg6k2c,bafyreih7tmcwsaxvtbee6xhwoi4ylzpjybqdxk4bvnwnmxffkmzvxbvul4,"@flaviodino.bsky.social 
www.metropoles.com/colunas/igor...",2024-09-20T15:15:53.324Z,0,0,0,2024-09-20T15:15:53.324Z,rooliveira7.bsky.social,Ronaldo,did:plc:odoqon7u6w3julsncp4ttskc,at://did:plc:7ufq7f6eayiercg6z7o7jnau/app.bsky.feed.post/3l4ltbzp6qk24,"Boulos diz que haver√° rela√ß√£o de respeito com a GCM. Piada!

Apoia saidinha de presos

Apoia o maior ladr√£o de todos 

Foi em um desfile de escola de samba onde os policiais estavam vestidos de ‚Äúdem√¥nios‚Äù 

O paulistano n√£o √© bobo e nossa cidade N√ÉO FICAR√Å NAS M√ÉOS DE QUEM APOIA BANDIDO!

#DebateSBT"
at://did:plc:obbsatbpzvgnhrowtt2i5dye/app.bsky.feed.post/3l4m6cz4mll2t,bafyreie7wzhzo3fwvqi4o2btzyzz6r44u5dsw6s2bdizwogqe64dypgery,denunciado com sucesso. tudo mentira! @guilhermeboulos.bsky.social,2024-09-20T18:18:45.726Z,0,0,0,2024-09-20T18:18:45.726Z,onivaotaner.bsky.social,üö©‚ò≠ BOULOS Prefeito ‚úäüèªüö©,did:plc:obbsatbpzvgnhrowtt2i5dye,at://did:plc:7ufq7f6eayiercg6z7o7jnau/app.bsky.feed.post/3l4ltbzp6qk24,"Boulos diz que haver√° rela√ß√£o de respeito com a GCM. Piada!

Apoia saidinha de presos

Apoia o maior ladr√£o de todos 

Foi em um desfile de escola de samba onde os policiais estavam vestidos de ‚Äúdem√¥nios‚Äù 

O paulistano n√£o √© bobo e nossa cidade N√ÉO FICAR√Å NAS M√ÉOS DE QUEM APOIA BANDIDO!

#DebateSBT"
at://did:plc:mr4fe3iuhpd35ttrfaoczyrm/app.bsky.feed.post/3l4ltfbqzgk2h,bafyreibaf32sunuuwnmygpzeerwrfna5ufp7qejzdy4n7ckxrxtu5wvz6u,"Sai daqui mulher, tu nem tem proposta de verdade. ""Eo PT?"" ""Eo Lula?""
#Boulos50
#DebateSBT",2024-09-20T15:03:12.358Z,0,1,3,2024-09-20T15:03:12.014Z,luzdasol.bsky.social,Solüßúüèæ‚Äç‚ôÄÔ∏è,did:plc:mr4fe3iuhpd35ttrfaoczyrm,at://did:plc:7ufq7f6eayiercg6z7o7jnau/app.bsky.feed.post/3l4ltbzp6qk24,"Boulos diz que haver√° rela√ß√£o de respeito com a GCM. Piada!

Apoia saidinha de presos

Apoia o maior ladr√£o de todos 

Foi em um desfile de escola de samba onde os policiais estavam vestidos de ‚Äúdem√¥nios‚Äù 

O paulistano n√£o √© bobo e nossa cidade N√ÉO FICAR√Å NAS M√ÉOS DE QUEM APOIA BANDIDO!

#DebateSBT"
at://did:plc:lv5npoevwonquujmlldey5xb/app.bsky.feed.post/3l52r6elfs32j,bafyreihkucv6v3yj6l3cuebwiulkgbbp6ivdilgsaosmma354frybpl66q,"Tia do ZAP postando clich√™s bobos.
Como tem demente com pretens√£o pol√≠tica!!!",2024-09-26T13:33:27.789Z,0,0,0,2024-09-26T13:33:27.789Z,lexotan10.bsky.social,MatildeM ,did:plc:lv5npoevwonquujmlldey5xb,at://did:plc:7ufq7f6eayiercg6z7o7jnau/app.bsky.feed.post/3l4ltbzp6qk24,"Boulos diz que haver√° rela√ß√£o de respeito com a GCM. Piada!

Apoia saidinha de presos

Apoia o maior ladr√£o de todos 

Foi em um desfile de escola de samba onde os policiais estavam vestidos de ‚Äúdem√¥nios‚Äù 

O paulistano n√£o √© bobo e nossa cidade N√ÉO FICAR√Å NAS M√ÉOS DE QUEM APOIA BANDIDO!

#DebateSBT"
at://did:plc:fl3ivy44s5aynrpqp4q7ra5v/app.bsky.feed.post/3l4lvwrxztk2c,bafyreia3dvjanfbktuhmkziuqz2mwbwcq2wcnn3odjopbqqucfmnamkfqq,"Cada vez que abre a boca, essa f√∫til se perde na voz. Que mulher idiota e med√≠ocre",2024-09-20T15:52:07.510Z,0,0,2,2024-09-20T15:48:46.917Z,marciabezerra2024.bsky.social,Marcia Bezerra,did:plc:fl3ivy44s5aynrpqp4q7ra5v,at://did:plc:7ufq7f6eayiercg6z7o7jnau/app.bsky.feed.post/3l4ltbzp6qk24,"Boulos diz que haver√° rela√ß√£o de respeito com a GCM. Piada!

Apoia saidinha de presos

Apoia o maior ladr√£o de todos 

Foi em um desfile de escola de samba onde os policiais estavam vestidos de ‚Äúdem√¥nios‚Äù 

O paulistano n√£o √© bobo e nossa cidade N√ÉO FICAR√Å NAS M√ÉOS DE QUEM APOIA BANDIDO!

#DebateSBT"
at://did:plc:fl3ivy44s5aynrpqp4q7ra5v/app.bsky.feed.post/3l4lturokms2q,bafyreia3daet4ikzwvoqzit2hr7wxblf5ilspwyloe7ehfkqsborxdwpxu,"O seu bozo, acabou com educa√ß√£o,  com o SUS. Vc √© f√∫til  e vazia, parece um rob√¥",2024-09-20T15:15:12.606Z,0,0,2,2024-09-20T15:11:52.020Z,marciabezerra2024.bsky.social,Marcia Bezerra,did:plc:fl3ivy44s5aynrpqp4q7ra5v,at://did:plc:7ufq7f6eayiercg6z7o7jnau/app.bsky.feed.post/3l4ltbzp6qk24,"Boulos diz que haver√° rela√ß√£o de respeito com a GCM. Piada!

Apoia saidinha de presos

Apoia o maior ladr√£o de todos 

Foi em um desfile de escola de samba onde os policiais estavam vestidos de ‚Äúdem√¥nios‚Äù 

O paulistano n√£o √© bobo e nossa cidade N√ÉO FICAR√Å NAS M√ÉOS DE QUEM APOIA BANDIDO!

#DebateSBT"
at://did:plc:fl3ivy44s5aynrpqp4q7ra5v/app.bsky.feed.post/3l4ltrtmu3c2q,bafyreiebad3a2y3edlxeuarfduqbtaupifboucwxqqluabg3vn3m3ed3g4,"Toma vergonha!Vc apoia um ladr√£o de j√≥ias,de im√≥veis,  negacionista,matou um monte de gente na pandemia,fraudou carteira de vacina,acabou com os √≥rg√£os de fiscaliza√ß√£o do meio ambiente,foi odiente,√© chefe do golpe que os canalhas quiseram dar quando perderam a elei√ß√£o, assim como vc.Vcs s√£o vermes!",2024-09-20T15:13:33.954Z,0,0,2,2024-09-20T15:10:13.416Z,marciabezerra2024.bsky.social,Marcia Bezerra,did:plc:fl3ivy44s5aynrpqp4q7ra5v,at://did:plc:7ufq7f6eayiercg6z7o7jnau/app.bsky.feed.post/3l4ltbzp6qk24,"Boulos diz que haver√° rela√ß√£o de respeito com a GCM. Piada!

Apoia saidinha de presos

Apoia o maior ladr√£o de todos 

Foi em um desfile de escola de samba onde os policiais estavam vestidos de ‚Äúdem√¥nios‚Äù 

O paulistano n√£o √© bobo e nossa cidade N√ÉO FICAR√Å NAS M√ÉOS DE QUEM APOIA BANDIDO!

#DebateSBT"
at://did:plc:cnneitkai3legl73nzufixpy/app.bsky.feed.post/3l57aro5loc2k,bafyreihmqt3xuwgestudafls5fkkrnzafyzh4mk5rn7kznrhwsd3a2tec4,S√≥ fake news ! Mau car√°ter √© assim,2024-09-28T08:23:19.199Z,0,0,0,2024-09-28T08:23:19.199Z,dall69.bsky.social,√Çngela Dall‚Äôüö©,did:plc:cnneitkai3legl73nzufixpy,at://did:plc:7ufq7f6eayiercg6z7o7jnau/app.bsky.feed.post/3l4ltbzp6qk24,"Boulos diz que haver√° rela√ß√£o de respeito com a GCM. Piada!

Apoia saidinha de presos

Apoia o maior ladr√£o de todos 

Foi em um desfile de escola de samba onde os policiais estavam vestidos de ‚Äúdem√¥nios‚Äù 

O paulistano n√£o √© bobo e nossa cidade N√ÉO FICAR√Å NAS M√ÉOS DE QUEM APOIA BANDIDO!

#DebateSBT"
at://did:plc:5dm7vmchomnfx26liqbro7r7/app.bsky.feed.post/3l4lu25x6wc2r,bafyreic3mh35qhmx2mqgrt5pky65iuihav3c7oycz2na3aisk4aiq7fsvu,"Nunca foi t√£o f√°cil votar em SP. s√≥ temos uma candidata, voc√™ Marina, o resto √© o mais puro chorume.",2024-09-20T15:15:16.047Z,0,0,0,2024-09-20T15:14:52.713Z,antoniopierre.bsky.social,,did:plc:5dm7vmchomnfx26liqbro7r7,at://did:plc:7ufq7f6eayiercg6z7o7jnau/app.bsky.feed.post/3l4ltbzp6qk24,"Boulos diz que haver√° rela√ß√£o de respeito com a GCM. Piada!

Apoia saidinha de presos

Apoia o maior ladr√£o de todos 

Foi em um desfile de escola de samba onde os policiais estavam vestidos de ‚Äúdem√¥nios‚Äù 

O paulistano n√£o √© bobo e nossa cidade N√ÉO FICAR√Å NAS M√ÉOS DE QUEM APOIA BANDIDO!

#DebateSBT"
at://did:plc:r7nrwolm3iq66hgzxqqqqaus/app.bsky.feed.post/3l4mbrfxigs2a,bafyreigwicwtolvr5f4eb6hmdlz2quec6iuzqcfxhkq42p2brlhhjaus2a,"BOULOS PREFEITO 50
#BoulosPrefeito
#DebateNoSBT
#LulaJuntosNoBlueSKY
@guilhermeboulos.bsky.social",2024-09-20T19:17:42.520Z,0,0,0,2024-09-20T19:17:42.520Z,lulistapetista.bsky.social,,did:plc:r7nrwolm3iq66hgzxqqqqaus,at://did:plc:7ufq7f6eayiercg6z7o7jnau/app.bsky.feed.post/3l4lsxfto5c2l,"Vale lembrar que o munic√≠pio pior avaliado no BR, rejeitado por 3 em cada 4 cidad√£os, √© governado pelo PSOL.

S√≥ no gabinete do prefeito, s√£o 662 pessoas contratadas por indica√ß√£o pol√≠tica. 

N√£o podemos permitir que esses parasitas assumam S√£o Paulo!

#DebatenoSBT"
at://did:plc:ouffxnfyg5ncvby3adj6xy7y/app.bsky.feed.post/3l4pkakagvq22,bafyreihhfpdj6izkz2gjm2bywczklq7esc2jmdmlcfu6rdyt6keym2fxhy,t√° precisando trocar a dentadura,2024-09-22T02:30:08.562Z,0,0,0,2024-09-22T02:30:08.512Z,lyuda15.bsky.social,Miojo sabor jeans,did:plc:ouffxnfyg5ncvby3adj6xy7y,at://did:plc:7ufq7f6eayiercg6z7o7jnau/app.bsky.feed.post/3l4lsxfto5c2l,"Vale lembrar que o munic√≠pio pior avaliado no BR, rejeitado por 3 em cada 4 cidad√£os, √© governado pelo PSOL.

S√≥ no gabinete do prefeito, s√£o 662 pessoas contratadas por indica√ß√£o pol√≠tica. 

N√£o podemos permitir que esses parasitas assumam S√£o Paulo!

#DebatenoSBT"
at://did:plc:k4q2tncqgi4wveiakxifurtn/app.bsky.feed.post/3l4luz3b7ks2i,bafyreifikl5x7lpgymetkpmae23h3xqaiyzpzatzx5c3xwxoxrmme5d2g4,bsky.app/profile/esqu...,2024-09-20T15:32:12.166Z,0,0,1,2024-09-20T15:32:10.013Z,luizdesouza.bsky.social,Luiz/ Bolsonaro Preso,did:plc:k4q2tncqgi4wveiakxifurtn,at://did:plc:7ufq7f6eayiercg6z7o7jnau/app.bsky.feed.post/3l4lsxfto5c2l,"Vale lembrar que o munic√≠pio pior avaliado no BR, rejeitado por 3 em cada 4 cidad√£os, √© governado pelo PSOL.

S√≥ no gabinete do prefeito, s√£o 662 pessoas contratadas por indica√ß√£o pol√≠tica. 

N√£o podemos permitir que esses parasitas assumam S√£o Paulo!

#DebatenoSBT"
at://did:plc:k4q2tncqgi4wveiakxifurtn/app.bsky.feed.post/3l4luy64snk2j,bafyreiedvzov4k5mmloysbxpiry52bqrs2hlt53x3iz4cpmmg6ql7veo3a,bsky.app/profile/mari...,2024-09-20T15:31:41.608Z,0,0,2,2024-09-20T15:31:39.417Z,luizdesouza.bsky.social,Luiz/ Bolsonaro Preso,did:plc:k4q2tncqgi4wveiakxifurtn,at://did:plc:7ufq7f6eayiercg6z7o7jnau/app.bsky.feed.post/3l4lsxfto5c2l,"Vale lembrar que o munic√≠pio pior avaliado no BR, rejeitado por 3 em cada 4 cidad√£os, √© governado pelo PSOL.

S√≥ no gabinete do prefeito, s√£o 662 pessoas contratadas por indica√ß√£o pol√≠tica. 

N√£o podemos permitir que esses parasitas assumam S√£o Paulo!

#DebatenoSBT"
at://did:plc:tguetrnlrnxz2zl3jwmcp5jt/app.bsky.feed.post/3l4ltfemozk25,bafyreib3njtffghhgsdglfzrbjoaxnyebm4gmudmaqussa5szmfzu5ozuy,"No come√ßo n√£o entendi, depois do final nao entendi nada ainda. O que tu t√° fazendo ai mesmo???",2024-09-20T15:03:13.552Z,0,0,0,2024-09-20T15:03:13.552Z,neves01.bsky.social,"Arlisson Neves,üö©üö©üö©üö©üö©",did:plc:tguetrnlrnxz2zl3jwmcp5jt,at://did:plc:7ufq7f6eayiercg6z7o7jnau/app.bsky.feed.post/3l4lsugcj222b,Uma ideia inovadora para S√£o Paulo? N√ÉO VOTAR NO PSOL ü§∑üèª‚Äç‚ôÄÔ∏è
at://did:plc:fl3ivy44s5aynrpqp4q7ra5v/app.bsky.feed.post/3l4lvxrtlss2l,bafyreibzayt7r5zpd75i7bicrnmlivhx6akkrdvhed4rf5cuf5aeantrom,N√£o votar em vc e em nenhum candidato bolsonarista. O bolsonarismo mat4,2024-09-20T15:52:41.045Z,0,0,1,2024-09-20T15:49:20.314Z,marciabezerra2024.bsky.social,Marcia Bezerra,did:plc:fl3ivy44s5aynrpqp4q7ra5v,at://did:plc:7ufq7f6eayiercg6z7o7jnau/app.bsky.feed.post/3l4lsugcj222b,Uma ideia inovadora para S√£o Paulo? N√ÉO VOTAR NO PSOL ü§∑üèª‚Äç‚ôÄÔ∏è
at://did:plc:bx46jluanueugufsfbntdgi2/app.bsky.feed.post/3l4pc5obk252e,bafyreiczdc2xusoyfwddhc2polfd23lqkoq3didlbeffnxyz2j5svefkti,"Inova√ß√£o √© continuar votando em bolsonarista, ent√£o?",2024-09-22T00:06:44.854Z,0,0,0,2024-09-22T00:05:22.111Z,thiagorosa.bsky.social,Thiago Rosa #Tormenta25,did:plc:bx46jluanueugufsfbntdgi2,at://did:plc:7ufq7f6eayiercg6z7o7jnau/app.bsky.feed.post/3l4lsugcj222b,Uma ideia inovadora para S√£o Paulo? N√ÉO VOTAR NO PSOL ü§∑üèª‚Äç‚ôÄÔ∏è
at://did:plc:7ufq7f6eayiercg6z7o7jnau/app.bsky.feed.post/3l4lsxfto5c2l,bafyreiakywc3yhisy2zp3vjmivuw2dr32y2tpenwkmsoiiqfakclb2bp6m,"Vale lembrar que o munic√≠pio pior avaliado no BR, rejeitado por 3 em cada 4 cidad√£os, √© governado pelo PSOL.

S√≥ no gabinete do prefeito, s√£o 662 pessoas contratadas por indica√ß√£o pol√≠tica. 

N√£o podemos permitir que esses parasitas assumam S√£o Paulo!

#DebatenoSBT",2024-09-20T14:55:26.318Z,4,1,4,2024-09-20T14:55:26.318Z,marinahelenabr.com.br,Marina Helena 30,did:plc:7ufq7f6eayiercg6z7o7jnau,at://did:plc:7ufq7f6eayiercg6z7o7jnau/app.bsky.feed.post/3l4lsugcj222b,Uma ideia inovadora para S√£o Paulo? N√ÉO VOTAR NO PSOL ü§∑üèª‚Äç‚ôÄÔ∏è
at://did:plc:vsv2jknun3nc64dhb37lkqva/app.bsky.feed.post/3l4lselw32c26,bafyreifyxo2amq6el2ovbolfiwzegehin6vnsmhxdtkcgq3pwgft6qh5pq,Mas e as provas dos jatinhos da T√°bata? J√° deu 72 horas,2024-09-20T14:44:55.079Z,1,0,1,2024-09-20T14:44:55.079Z,lenintrotsky.bsky.social,LeninTrotsky,did:plc:vsv2jknun3nc64dhb37lkqva,at://did:plc:7ufq7f6eayiercg6z7o7jnau/app.bsky.feed.post/3l4ls5el2ks2x,"MENOS DINHEIRO PARA OS PARASITAS!

√â f√°cil falar, dif√≠cil √© colocar em pr√°tica a√ß√µes que tirem o dinheiro do bolso desses parasitas e devolva para quem importa: o paulistano"
at://did:plc:ny6nqpkrc5ekjgw35yiv4cak/app.bsky.feed.post/3l4m6psfzpi2c,bafyreigcnaz25d6pyootaer6qycylnzwbtjbb4nwlmjvmrpzpmgnxk6fsy,"Setembro de 2024, candidata.

Venezuela?
Cuba?

S√©rio?",2024-09-20T18:25:55.138Z,0,0,0,2024-09-20T18:25:55.138Z,crismoretto.bsky.social,,did:plc:ny6nqpkrc5ekjgw35yiv4cak,at://did:plc:7ufq7f6eayiercg6z7o7jnau/app.bsky.feed.post/3l4ls5el2ks2x,"MENOS DINHEIRO PARA OS PARASITAS!

√â f√°cil falar, dif√≠cil √© colocar em pr√°tica a√ß√µes que tirem o dinheiro do bolso desses parasitas e devolva para quem importa: o paulistano"
at://did:plc:cnneitkai3legl73nzufixpy/app.bsky.feed.post/3l57apy5irm2l,bafyreiel57kbcebnmtrwm2oz36t2uvvj44ravy2t44fy2nwqtm75wezekm,Parasita √© ela mesma,2024-09-28T08:22:22.586Z,0,0,0,2024-09-28T08:22:22.586Z,dall69.bsky.social,√Çngela Dall‚Äôüö©,did:plc:cnneitkai3legl73nzufixpy,at://did:plc:7ufq7f6eayiercg6z7o7jnau/app.bsky.feed.post/3l4ls5el2ks2x,"MENOS DINHEIRO PARA OS PARASITAS!

√â f√°cil falar, dif√≠cil √© colocar em pr√°tica a√ß√µes que tirem o dinheiro do bolso desses parasitas e devolva para quem importa: o paulistano"
at://did:plc:zcuafumcyt62o3b5auzwda3l/app.bsky.feed.post/3l4logyydb22w,bafyreiace5hgnkivtay5k236hc4agfz7xbutlir2s3jo64jqgc6rcdkbru,"Gente imagina como devem estar rindo as pessoas que fizeram essa coitada acreditar que tinha 1% de intelig√™ncia e que al√©m disso poderia ganhar uma elei√ß√£o 

HAHAHAHAHAHAHAHAHAHAHA

bsky.app/profile/cala...",2024-09-20T13:34:40.981Z,0,0,0,2024-09-20T13:34:40.981Z,xatuba06.bsky.social,,did:plc:zcuafumcyt62o3b5auzwda3l,at://did:plc:7ufq7f6eayiercg6z7o7jnau/app.bsky.feed.post/3l4lnf5h6ak2k,"COME√áA DAQUI A POUCO!

www.youtube.com/watch?v=YIa-...

Estarei ao vivo, no SBT. Bora falar de proposta? üí™üèª"
at://did:plc:cnneitkai3legl73nzufixpy/app.bsky.feed.post/3l57aqdqg7h2v,bafyreia5or773k5srdk7d4zy4osysf67hhow5aihcgcp7foa2ev2wksbty,Pobre coitada,2024-09-28T08:22:34.741Z,0,0,0,2024-09-28T08:22:34.741Z,dall69.bsky.social,√Çngela Dall‚Äôüö©,did:plc:cnneitkai3legl73nzufixpy,at://did:plc:7ufq7f6eayiercg6z7o7jnau/app.bsky.feed.post/3l4lnf5h6ak2k,"COME√áA DAQUI A POUCO!

www.youtube.com/watch?v=YIa-...

Estarei ao vivo, no SBT. Bora falar de proposta? üí™üèª"
at://did:plc:vsv2jknun3nc64dhb37lkqva/app.bsky.feed.post/3l4gjji6yvo2l,bafyreifld23e6h5qmliigh4m22yrf6zbjseebeom24o2vil22lgdvj2yi4,24 horas se passaram e at√© agora nada das provas dos jatinhos da T√°bata,2024-09-18T12:23:17.011Z,0,0,1,2024-09-18T12:23:16.917Z,lenintrotsky.bsky.social,LeninTrotsky,did:plc:vsv2jknun3nc64dhb37lkqva,at://did:plc:7ufq7f6eayiercg6z7o7jnau/app.bsky.feed.post/3l4ehblybop2j,"N√£o podemos tolerar esse tipo de comportamento. Datena, desista da candidatura pelo bem da nossa cidade! 
#DebateRedeTV"
at://did:plc:q6tvtm5pentfcnh5ud65ryip/app.bsky.feed.post/3l4jiubkgtt25,bafyreia2h52fnk57ywpphvoegsdu4xdg7owitr2z47zipn66puyje3lr4y,"Disse a candidata in√∫til com 2% dos votos kkkkkk
Pena que o Datena n√£o pode te dar uma cadeirada",2024-09-19T16:49:22.606Z,0,1,0,2024-09-19T16:49:22.606Z,jolvr50.bsky.social,,did:plc:q6tvtm5pentfcnh5ud65ryip,at://did:plc:7ufq7f6eayiercg6z7o7jnau/app.bsky.feed.post/3l4ehblybop2j,"N√£o podemos tolerar esse tipo de comportamento. Datena, desista da candidatura pelo bem da nossa cidade! 
#DebateRedeTV"
at://did:plc:hj4vxvenvlcxiq57gwci3322/app.bsky.feed.post/3l4ewepgcbr2t,bafyreifojsivdpuaxg2s5ujk3pz5lkzygn4mxsfbxv5q3pdyzu5vmlzf6u,Disse a pessoa que nem de S√£o Paulo √© kkkkk,2024-09-17T21:08:54.089Z,0,0,0,2024-09-17T21:07:55.909Z,asoliveira.bsky.social,Anderson Oliveira,did:plc:hj4vxvenvlcxiq57gwci3322,at://did:plc:7ufq7f6eayiercg6z7o7jnau/app.bsky.feed.post/3l4ehblybop2j,"N√£o podemos tolerar esse tipo de comportamento. Datena, desista da candidatura pelo bem da nossa cidade! 
#DebateRedeTV"
at://did:plc:evnefddcbquw4znveinftgdq/app.bsky.feed.post/3l4erfzlch52m,bafyreif3mai2vxfseywmrwq63ecckc3knzbj2e7afhwf363bpuscipryqi,"Pat√©tica, acha que paulistano √© idiota.

Vem com essa linguagem chucra, atrasada. Vaza, sua safada.

S√≥ quer as chaves do cofre.",2024-09-17T19:39:11.334Z,0,0,1,2024-09-17T19:39:11.334Z,johnyjapon.bsky.social,Naekaua,did:plc:evnefddcbquw4znveinftgdq,at://did:plc:7ufq7f6eayiercg6z7o7jnau/app.bsky.feed.post/3l4ehblybop2j,"N√£o podemos tolerar esse tipo de comportamento. Datena, desista da candidatura pelo bem da nossa cidade! 
#DebateRedeTV"
at://did:plc:76pokb4kdsa2dvr564gblm5t/app.bsky.feed.post/3l4ept2ndjt2j,bafyreihucytuex7hcabopfwngnbramb33npvz2qlyfnuzue45uagzms3zi,"Maluca, candidata criada por IA.  √â de uma insignific√¢ncia...",2024-09-17T19:13:46.410Z,1,0,2,2024-09-17T19:10:41.119Z,luciapedroni.bsky.social,Lucia Pedroni,did:plc:76pokb4kdsa2dvr564gblm5t,at://did:plc:7ufq7f6eayiercg6z7o7jnau/app.bsky.feed.post/3l4ehblybop2j,"N√£o podemos tolerar esse tipo de comportamento. Datena, desista da candidatura pelo bem da nossa cidade! 
#DebateRedeTV"
at://did:plc:6kcnxerpmon7xf7buorm7mxv/app.bsky.feed.post/3l4hco2oiho2e,bafyreidhti3qpxuxvujhnkrmv6pyyh24yzsdt7rts3or2lhkynd3ywsifm,"Quando a pessoa √© meio ""aluada"" das id√©ias se torna conservadora para conservar p√©rolas como essa.

S√£o Paulo merece coisa melhor",2024-09-18T19:53:11.723Z,0,0,0,2024-09-18T19:53:11.723Z,teatrocomedia.bsky.social,Fernando,did:plc:6kcnxerpmon7xf7buorm7mxv,at://did:plc:7ufq7f6eayiercg6z7o7jnau/app.bsky.feed.post/3l4ehblybop2j,"N√£o podemos tolerar esse tipo de comportamento. Datena, desista da candidatura pelo bem da nossa cidade! 
#DebateRedeTV"
at://did:plc:7ufq7f6eayiercg6z7o7jnau/app.bsky.feed.post/3l4edbn6u7y2j,bafyreibhzcx4tgsj2gvoohlor653frw6pvmh7quo7noacxmn7zcljkycoe,"
Por isso, √© hora de desafogar a sa√∫de paulistana, valorizando o dinheiro do contribuinte e devolvendo com atendimento s√©rio e de qualidade. 

#DebateRedeTV",2024-09-17T15:26:11.391Z,0,0,5,2024-09-17T15:26:11.391Z,marinahelenabr.com.br,Marina Helena 30,did:plc:7ufq7f6eayiercg6z7o7jnau,at://did:plc:7ufq7f6eayiercg6z7o7jnau/app.bsky.feed.post/3l4edbedwel22,"A sa√∫de de S√£o Paulo TEM JEITO!

O tanto de impostos arrecadados (tomados) de voc√™, trabalhador, deveria pelo menos garantir atendimento m√©dico 

Mas n√£o ‚ùå"
at://did:plc:zcjhdegckufbl2cy53ghrv3i/app.bsky.feed.post/3l4eldfakz426,bafyreiagmjiyxck2hyar77w5oa3clryavyc6rwgyjdohbnv6dh2w6uwsda,"Ok, e como os trabalhadores sairiam mais cedo ou mais tarde da empresa para diminuir a lota√ß√£o do transporte p√∫blico?",2024-09-17T17:50:19.728Z,0,0,2,2024-09-17T17:50:19.728Z,heynativo.bsky.social,Henrique Nativo ,did:plc:zcjhdegckufbl2cy53ghrv3i,at://did:plc:7ufq7f6eayiercg6z7o7jnau/app.bsky.feed.post/3l4e7szataj2l,"A proposta TARIFA MAIS BAIXA reduz o custo da tarifa de
√¥nibus fora dos hor√°rios de pico,
para diminuir a lota√ß√£o do transporte p√∫blico nos hor√°rios de mais cheios, otimizando a utiliza√ß√£o dos ve√≠culos e da infraestrutura existente.

Proposta para quem mais importa: os trabalhadores! 

#DebateRedeTV"
at://did:plc:3domeokdvus5qiaxamghmzzp/app.bsky.feed.post/3l4gq4qelzv2m,bafyreih45s64e2zw567wwqh6yxqlvu34axf2q7cusw4end5x2m6uu64oh4,"Alexa fascista, existe almoco gratis?",2024-09-18T14:21:25.145Z,0,0,0,2024-09-18T14:21:25.145Z,glaupes2111.bsky.social,Glaupesüáßüá∑üå∑üöúüå∑,did:plc:3domeokdvus5qiaxamghmzzp,at://did:plc:7ufq7f6eayiercg6z7o7jnau/app.bsky.feed.post/3l4e7szataj2l,"A proposta TARIFA MAIS BAIXA reduz o custo da tarifa de
√¥nibus fora dos hor√°rios de pico,
para diminuir a lota√ß√£o do transporte p√∫blico nos hor√°rios de mais cheios, otimizando a utiliza√ß√£o dos ve√≠culos e da infraestrutura existente.

Proposta para quem mais importa: os trabalhadores! 

#DebateRedeTV"
at://did:plc:j6ewvsdtqe2rhdlfhay7glen/app.bsky.feed.post/3l4f22yrubf2y,bafyreifdjwakrj6wqvvhhtozjjnzpvg2v3vj5x2af4x65q2j3xvxie7hjm,"Ah esses ""jornalistas"".",2024-09-17T22:14:04.989Z,0,0,0,2024-09-17T22:14:04.989Z,tonken.bsky.social,,did:plc:j6ewvsdtqe2rhdlfhay7glen,at://did:plc:7ufq7f6eayiercg6z7o7jnau/app.bsky.feed.post/3l4e7sgfymp2g,"Maldade ou desinforma√ß√£o do jornalista?

Em nenhum momento do meu Plano de Governo falo sobre aumentar a tarifa de √¥nibus. Mas eu explico üëáüèª"
at://did:plc:evnefddcbquw4znveinftgdq/app.bsky.feed.post/3l4ed3xaafp2l,bafyreiglwnegy4dnzvm2vzq7mhquh6ofgtb6juv74lnsgmoyzlue6ijbim,"VAZA, FORASTEIRA
VOC√ä N√ÉO CONHECE OS PAULISTANOS

SUA NOJENTA, COM ESSAS FOFOQUINHAS DE DIREITA NO DEBATE

PARA DE SUBESTIMAR OS PAULISTANOS SUA TONHONA",2024-09-17T15:23:00.874Z,0,0,0,2024-09-17T15:23:00.874Z,johnyjapon.bsky.social,Naekaua,did:plc:evnefddcbquw4znveinftgdq,at://did:plc:7ufq7f6eayiercg6z7o7jnau/app.bsky.feed.post/3l4e7sgfymp2g,"Maldade ou desinforma√ß√£o do jornalista?

Em nenhum momento do meu Plano de Governo falo sobre aumentar a tarifa de √¥nibus. Mas eu explico üëáüèª"
at://did:plc:7ufq7f6eayiercg6z7o7jnau/app.bsky.feed.post/3l4e7szataj2l,bafyreidnzuwbuodyqq72wamvx5bba4xsspqbqiho44qsr3ng36e2poel4a,"A proposta TARIFA MAIS BAIXA reduz o custo da tarifa de
√¥nibus fora dos hor√°rios de pico,
para diminuir a lota√ß√£o do transporte p√∫blico nos hor√°rios de mais cheios, otimizando a utiliza√ß√£o dos ve√≠culos e da infraestrutura existente.

Proposta para quem mais importa: os trabalhadores! 

#DebateRedeTV",2024-09-17T14:24:19.583Z,3,0,6,2024-09-17T14:24:19.583Z,marinahelenabr.com.br,Marina Helena 30,did:plc:7ufq7f6eayiercg6z7o7jnau,at://did:plc:7ufq7f6eayiercg6z7o7jnau/app.bsky.feed.post/3l4e7sgfymp2g,"Maldade ou desinforma√ß√£o do jornalista?

Em nenhum momento do meu Plano de Governo falo sobre aumentar a tarifa de √¥nibus. Mas eu explico üëáüèª"
at://did:plc:2y5gd34v5nh6ddlho2g74jjd/app.bsky.feed.post/3l4ee27wwiv22,bafyreibu56ubq7jkzritxschgekqrmntvc424dlrbfd75uwsicreyfnjey,"Ol√¢! Tem algu√©m aqui?

Nossa, t√° vazio... üò¢",2024-09-17T15:39:56.381Z,1,0,0,2024-09-17T15:39:56.381Z,zedopovo.bsky.social,Z√© do Povo üåª Boulos Prefeito 5Ô∏è‚É£0Ô∏è‚É£,did:plc:2y5gd34v5nh6ddlho2g74jjd,at://did:plc:7ufq7f6eayiercg6z7o7jnau/app.bsky.feed.post/3l4e6l5f76n2o,"S√£o Paulo merece TRANSPAR√äNCIA. 

O debate j√° come√ßou e eu quero saber: Tabata, quanto voc√™ j√° gastou com jatinho particular?

#DebateRedeTV"
at://did:plc:scnpkps4zyofwhzp6epiudnd/app.bsky.feed.post/3l4aixa66yv2n,bafyreihx3yxtjvdzqcwmdusztakkpx3fjwrb4owf3kmfe4awiva54tsvay,O correto seria o Datena n√£o participar do debate da Globo e a senhora ir participar do debate na Globo no lugar do Datena,2024-09-16T02:57:06.970Z,0,1,2,2024-09-16T02:57:06.115Z,eduardorcrj.bsky.social,,did:plc:scnpkps4zyofwhzp6epiudnd,at://did:plc:7ufq7f6eayiercg6z7o7jnau/app.bsky.feed.post/3l4aitjsyu426,"Depois dos ataques absurdos desta noite, ficou claro quem tem ou n√£o capacidade para gerir uma cidade como S√£o Paulo. 

Ainda d√° tempo, e a escolha √© SUA!

#vote30"
at://did:plc:olharhcgyf2aertpldqzgyxh/app.bsky.feed.post/3l4akahl7pw2d,bafyreigpefoglhai5qybbsksz64dxlerjivvnpcdtt3dhgw3ytdiandl2m,"Parab√©ns,  Marina Helena, por exigir respeito ao Mar√ßal sem ter de apelar a uma cadeirada como fez o Datena! @marinahelenabr.com.br tem a melhor proposta para cuidar do cidad√£o, o melhor car√°ter t√£o  necess√°rios para administrar a Prefeitura de S√£o Paulo! #DebateNaCultura",2024-09-16T03:20:08.521Z,0,0,0,2024-09-16T03:20:08.521Z,telmagalhaes.bsky.social,,did:plc:olharhcgyf2aertpldqzgyxh,at://did:plc:7ufq7f6eayiercg6z7o7jnau/app.bsky.feed.post/3l4aitjsyu426,"Depois dos ataques absurdos desta noite, ficou claro quem tem ou n√£o capacidade para gerir uma cidade como S√£o Paulo. 

Ainda d√° tempo, e a escolha √© SUA!

#vote30"
at://did:plc:j6ewvsdtqe2rhdlfhay7glen/app.bsky.feed.post/3l4dupvsdho2h,bafyreia4dlz43mlndi3t3nvo2ywn7d4oslioabhdv7n6gv7rijduwkrru4,√â 30 dia 06,2024-09-17T11:05:44.146Z,0,0,0,2024-09-17T11:05:44.146Z,tonken.bsky.social,,did:plc:j6ewvsdtqe2rhdlfhay7glen,at://did:plc:7ufq7f6eayiercg6z7o7jnau/app.bsky.feed.post/3l4aitjsyu426,"Depois dos ataques absurdos desta noite, ficou claro quem tem ou n√£o capacidade para gerir uma cidade como S√£o Paulo. 

Ainda d√° tempo, e a escolha √© SUA!

#vote30"
at://did:plc:h5ae7xhh3vpudz6puwrwx6p4/app.bsky.feed.post/3l4amblotf32a,bafyreiafpk6amwnhhhopqxo466kceh4bnn2jpleeyplxpzbdqkb7fiqvwm,A sua cadeira foi a maior contribui√ß√£o do liberalismo brasileiro contra o fascismo neste mil√™nio. Muit√≠ssimo obrigado.,2024-09-16T03:56:32.516Z,0,0,2,2024-09-16T03:56:32.516Z,renatooliveiraafc.bsky.social,Renato Oliveiraü™ë,did:plc:h5ae7xhh3vpudz6puwrwx6p4,at://did:plc:7ufq7f6eayiercg6z7o7jnau/app.bsky.feed.post/3l4aitjsyu426,"Depois dos ataques absurdos desta noite, ficou claro quem tem ou n√£o capacidade para gerir uma cidade como S√£o Paulo. 

Ainda d√° tempo, e a escolha √© SUA!

#vote30"
at://did:plc:olharhcgyf2aertpldqzgyxh/app.bsky.feed.post/3l4aiattfzg2a,bafyreiha2674h5guezbk2qxli23iddoujasigyj3k2kt3fyy5r5mkyle6q,"Ainda bem que tem #MarinaHelena30 tem respeito pelo paulistano, leva o Debate Pol√≠tico a s√©rio, bem diferente dos moleques Datena e Mar√ßal Vote30 vote @marinahelenabr #DebateNaCultura",2024-09-16T02:44:33.904Z,0,0,0,2024-09-16T02:44:33.904Z,telmagalhaes.bsky.social,,did:plc:olharhcgyf2aertpldqzgyxh,at://did:plc:7ufq7f6eayiercg6z7o7jnau/app.bsky.feed.post/3l4ahhenqno2w,"Seja fiel (e se controle), Datena! 

#DebateTVCultura"
at://did:plc:fdn43w4fi2os3a6rwouebsle/app.bsky.feed.post/3l4gc3togy226,bafyreiguqdyjgnn7fxamgmrdwxoc6arwegnjme4fksob4jvnozvbdiclay,,2024-09-18T10:10:22.746Z,0,0,0,2024-09-18T10:10:22.746Z,dani-sky.bsky.social,Este Musk ,did:plc:fdn43w4fi2os3a6rwouebsle,at://did:plc:7ufq7f6eayiercg6z7o7jnau/app.bsky.feed.post/3l4ahhenqno2w,"Seja fiel (e se controle), Datena! 

#DebateTVCultura"
at://did:plc:evnefddcbquw4znveinftgdq/app.bsky.feed.post/3l4ahmzjdk42c,bafyreieq2xjamkfw2tkcb3ywekeczwxrflijv4g6mydfipg2hmbr4u3vuq,"Sai da√≠, mort√≠cia Adams.

Parece um rob√¥ com rivotril falando.

Volta pro teu buraco, Tatu.",2024-09-16T02:33:29.474Z,0,0,1,2024-09-16T02:33:29.474Z,johnyjapon.bsky.social,Naekaua,did:plc:evnefddcbquw4znveinftgdq,at://did:plc:7ufq7f6eayiercg6z7o7jnau/app.bsky.feed.post/3l4ahhenqno2w,"Seja fiel (e se controle), Datena! 

#DebateTVCultura"
at://did:plc:756t3vblxmamjnq3ughnxk7r/app.bsky.feed.post/3l4ahpmtczf2a,bafyreihapfaq5hjik2dvzrejh2hb6rtucrusoyah457gd5m76d2nnvqezm,"A senhora parece um androide falando, um vazio mec√¢nico no olhar, al√©m de um discurso pr√© gravado.

Nada pessoal",2024-09-16T02:34:56.789Z,0,0,0,2024-09-16T02:34:56.789Z,cruges.bsky.social,Nuno,did:plc:756t3vblxmamjnq3ughnxk7r,at://did:plc:7ufq7f6eayiercg6z7o7jnau/app.bsky.feed.post/3l4ahhenqno2w,"Seja fiel (e se controle), Datena! 

#DebateTVCultura"
at://did:plc:3domeokdvus5qiaxamghmzzp/app.bsky.feed.post/3l4gq6wf3bh2h,bafyreib24pwiqsuiqiqt5rpmdk57cohwd5qrsqrzx7yg6lf2jcyb43c75a,"Alexa fascista, quem pagaria essa conta? Vai taxar super rico?",2024-09-18T14:22:38.568Z,0,0,0,2024-09-18T14:22:38.568Z,glaupes2111.bsky.social,Glaupesüáßüá∑üå∑üöúüå∑,did:plc:3domeokdvus5qiaxamghmzzp,at://did:plc:7ufq7f6eayiercg6z7o7jnau/app.bsky.feed.post/3l4agfacjvp2j,"Por isso, tenho propostas que FUNCIONAM e v√£o melhorar a vida de quem mais precisa: 

üëâüèª QUEBRADA COM ESCRITURA

üëâüèªALUGUEL SOCIAL

üëâüèª QUEBRADA COM ENDERE√áO

Voc√™ pode entender melhor cada um no meu Plano de Governo:  marinahelenabr.com.br/wp-content/u...

#DebateTVCultura"
at://did:plc:olharhcgyf2aertpldqzgyxh/app.bsky.feed.post/3l4aidgb35j2y,bafyreiaqirgjwqsw3z2wu2ucm4es6zkemeinsczqtx2xgguujetikwyhfi,Marina Helena tem meu voto! Vote30 S√£o Paulo merece a melhor candidata #DebateNaCultura,2024-09-16T02:46:00.201Z,0,0,0,2024-09-16T02:46:00.201Z,telmagalhaes.bsky.social,,did:plc:olharhcgyf2aertpldqzgyxh,at://did:plc:7ufq7f6eayiercg6z7o7jnau/app.bsky.feed.post/3l4agexvkc52x,"Acabei de citar o exemplo de uma moradora que tem a casa ALAGADA POR ESGOTO sempre que chove! 

‚û°Ô∏è Mais de 2 milh√µes de pessoas em S√£o Paulo n√£o t√™m as escrituras de suaS casas e, consequentemente, n√£o t√™m acesso ao saneamento b√°sico. 

(Continua üëáüèª)"
at://did:plc:7ufq7f6eayiercg6z7o7jnau/app.bsky.feed.post/3l4agfacjvp2j,bafyreigmauyj4wvx2l722rqlljxg662fi7sk5fb7eygxk7smitmdmbvkim,"Por isso, tenho propostas que FUNCIONAM e v√£o melhorar a vida de quem mais precisa: 

üëâüèª QUEBRADA COM ESCRITURA

üëâüèªALUGUEL SOCIAL

üëâüèª QUEBRADA COM ENDERE√áO

Voc√™ pode entender melhor cada um no meu Plano de Governo:  marinahelenabr.com.br/wp-content/u...

#DebateTVCultura",2024-09-16T02:11:14.202Z,1,1,3,2024-09-16T02:11:14.202Z,marinahelenabr.com.br,Marina Helena 30,did:plc:7ufq7f6eayiercg6z7o7jnau,at://did:plc:7ufq7f6eayiercg6z7o7jnau/app.bsky.feed.post/3l4agexvkc52x,"Acabei de citar o exemplo de uma moradora que tem a casa ALAGADA POR ESGOTO sempre que chove! 

‚û°Ô∏è Mais de 2 milh√µes de pessoas em S√£o Paulo n√£o t√™m as escrituras de suaS casas e, consequentemente, n√£o t√™m acesso ao saneamento b√°sico. 

(Continua üëáüèª)"
at://did:plc:olharhcgyf2aertpldqzgyxh/app.bsky.feed.post/3l4ag2czoim2a,bafyreicque6ajbrrelx6pxsnuzl67kydocht4hccqkrcioj5ee6jovaq2y,"#DebateNaCultura tem Marina Helena, a melhor para Prefeita de S√£o Paulo",2024-09-16T02:05:07.398Z,0,0,0,2024-09-16T02:05:07.398Z,telmagalhaes.bsky.social,,did:plc:olharhcgyf2aertpldqzgyxh,at://did:plc:7ufq7f6eayiercg6z7o7jnau/app.bsky.feed.post/3l4aecreqbo2a,"N√£o s√≥ esfor√ßada, mas a melhor op√ß√£o para S√£o Paulo. 

Al√©m disso, a √öNICA com a coragem necess√°ria para pedir o impeachment de Alexandre de Moraes. 

#DebateTVCultura"
at://did:plc:evnefddcbquw4znveinftgdq/app.bsky.feed.post/3l4afrs2t6c2u,bafyreidaz6yyjpe74ntvuxuiek7ozr4lzofafw7zqjwjilzfokjfkx34za,"PT
PT
PT
PT
PT
PT
PT
PT
PT
PT
PT
PT
PT
PT
PT

FALA OUTRA COISA, BURRONA",2024-09-16T02:00:21.809Z,1,0,2,2024-09-16T02:00:21.809Z,johnyjapon.bsky.social,Naekaua,did:plc:evnefddcbquw4znveinftgdq,at://did:plc:7ufq7f6eayiercg6z7o7jnau/app.bsky.feed.post/3l4aecreqbo2a,"N√£o s√≥ esfor√ßada, mas a melhor op√ß√£o para S√£o Paulo. 

Al√©m disso, a √öNICA com a coragem necess√°ria para pedir o impeachment de Alexandre de Moraes. 

#DebateTVCultura"
at://did:plc:olharhcgyf2aertpldqzgyxh/app.bsky.feed.post/3l4ag5hlbbw2h,bafyreifek4kfq7layt4llxajzcic3qvseni7nahyiqjgbj5bvwwivmn4tq,"#DebateNaCultura Marina Helena leva S√£o Paulo a s√©rio e vai tornar a cidade mais segura, o Paulistano mais protegido! #MH30",2024-09-16T02:06:52.899Z,1,0,0,2024-09-16T02:06:52.899Z,telmagalhaes.bsky.social,,did:plc:olharhcgyf2aertpldqzgyxh,at://did:plc:7ufq7f6eayiercg6z7o7jnau/app.bsky.feed.post/3l4adbgmuli2a,"Um debate de PROPOSTAS! üëáüèª

üö® Defendo uma GCM PRESENTE, BEM TREINADA E ARMADA. Na minha gest√£o, o bandido ou muda de profiss√£o ou muda de cidade üí™üèª"
at://did:plc:evnefddcbquw4znveinftgdq/app.bsky.feed.post/3l4afsh4rj22w,bafyreifsm5c5rdxrx7iow6qa622n3w7p2ra5rawsw7gyzbr6upnat7uhma,"PT
PT
PT
PT
PT
PT
PT
PT
PT
PT
PT
PT
PT
PT
PT",2024-09-16T02:00:43.903Z,1,0,0,2024-09-16T02:00:43.903Z,johnyjapon.bsky.social,Naekaua,did:plc:evnefddcbquw4znveinftgdq,at://did:plc:7ufq7f6eayiercg6z7o7jnau/app.bsky.feed.post/3l4adbgmuli2a,"Um debate de PROPOSTAS! üëáüèª

üö® Defendo uma GCM PRESENTE, BEM TREINADA E ARMADA. Na minha gest√£o, o bandido ou muda de profiss√£o ou muda de cidade üí™üèª"
at://did:plc:3domeokdvus5qiaxamghmzzp/app.bsky.feed.post/3l4gqafe4ug26,bafyreif6t3mqy6f6onog2jqdizhidyloja3ot6nocoa3jtxll7th3vqby4,"Alexa fascista, Vai pegar a milicia ou so preto pobre?",2024-09-18T14:23:27.810Z,0,0,0,2024-09-18T14:23:27.810Z,glaupes2111.bsky.social,Glaupesüáßüá∑üå∑üöúüå∑,did:plc:3domeokdvus5qiaxamghmzzp,at://did:plc:7ufq7f6eayiercg6z7o7jnau/app.bsky.feed.post/3l4adbgmuli2a,"Um debate de PROPOSTAS! üëáüèª

üö® Defendo uma GCM PRESENTE, BEM TREINADA E ARMADA. Na minha gest√£o, o bandido ou muda de profiss√£o ou muda de cidade üí™üèª"
at://did:plc:r5fc6fxrrsf5fechrkmpk3b2/app.bsky.feed.post/3l4acbwff7j2e,bafyreicdbeh353cbmn4zuvsb56feveqyegg3tn2z6vb4ihmd7dhwqxkuiq,"Boa sorte, futura prefeita! üß°",2024-09-16T00:57:48.255Z,0,0,1,2024-09-16T00:57:48.255Z,luizspfczh.bsky.social,Luizspfcz | üêç (47/45) ,did:plc:r5fc6fxrrsf5fechrkmpk3b2,at://did:plc:7ufq7f6eayiercg6z7o7jnau/app.bsky.feed.post/3l4abou7xo42b,"Est√° chegando a hora! Ansiosos para o debate? 

Nos vemos jaj√°! 

üëâüèª www.youtube.com/watch?v=OmrV..."
at://did:plc:olharhcgyf2aertpldqzgyxh/app.bsky.feed.post/3l4agb36iyz2y,bafyreibyudjmspri5mjx5vta6wzpr4zgvidhsecv4o43h4cpep3tl2s2ji,Marina Helena tem meu voto! #DebateNaCensura #MH30,2024-09-16T02:08:54.119Z,0,0,0,2024-09-16T02:08:54.119Z,telmagalhaes.bsky.social,,did:plc:olharhcgyf2aertpldqzgyxh,at://did:plc:7ufq7f6eayiercg6z7o7jnau/app.bsky.feed.post/3l4abou7xo42b,"Est√° chegando a hora! Ansiosos para o debate? 

Nos vemos jaj√°! 

üëâüèª www.youtube.com/watch?v=OmrV..."
at://did:plc:6xd55g3upkyf7h5k6xgic5bw/app.bsky.feed.post/3l47tgoiasq2e,bafyreigaaavbutebzizamq2zaltpy3yorl3lswipsezut5ptixivrlwkqa,Perguntaria se eles sabem como funcionam as compras governamentais e de como √© lidar com servidores p√∫blicos que foram doutrinados.,2024-09-15T20:31:15.383Z,0,0,1,2024-09-15T20:31:15.383Z,deuszaum.bsky.social,Bolsonarista,did:plc:6xd55g3upkyf7h5k6xgic5bw,at://did:plc:7ufq7f6eayiercg6z7o7jnau/app.bsky.feed.post/3l44iso5als2f,"O que voc√™ perguntaria no meu lugar?

Debate na TV Cultura amanh√£, √†s 22h. üî•"
at://did:plc:53sh4hdexnjdlx2uzqeuhd2z/app.bsky.feed.post/3l47at5kmzu2s,bafyreiarpt655qpmiyycze35ltmph2ua45z7brhnhcixyjee3tccmfzpla,"Pergunta para Boulos como se sente absolvendo Janones com tantas provas de crime, e agora a pol√≠cia federal, o indiciou com as mesmas provas",2024-09-15T14:58:57.666Z,0,0,0,2024-09-15T14:58:57.666Z,vitti65.bsky.social,PMüáßüá∑,did:plc:53sh4hdexnjdlx2uzqeuhd2z,at://did:plc:7ufq7f6eayiercg6z7o7jnau/app.bsky.feed.post/3l44iso5als2f,"O que voc√™ perguntaria no meu lugar?

Debate na TV Cultura amanh√£, √†s 22h. üî•"
at://did:plc:p3biqg5szw36hwmgscwqqgn5/app.bsky.feed.post/3l3axsor5s324,bafyreigmcgnj47gyxbtxfdy5z5j2azfrkcj4gqjguloirzs6elkrzt4xzq,Fa√ßa o que eu digo mas n√£o fa√ßa o que eu fa√ßo kkkk,2024-09-03T13:57:47.932Z,0,0,1,2024-09-03T13:57:47.932Z,souojonathas.bsky.social,Jonathas Santos,did:plc:p3biqg5szw36hwmgscwqqgn5,at://did:plc:7ufq7f6eayiercg6z7o7jnau/app.bsky.feed.post/3l3axi2hvfq2v,E fica a pergunta: como as autoridades v√£o entrar no X para saber quem est√° no X? üòÇ
at://did:plc:olharhcgyf2aertpldqzgyxh/app.bsky.feed.post/3l3ayjntfcu2o,bafyreidh4bhxcb7mlgo3nj5zrq2sf47bbfhe6oday42riivucarsnvlblq,üòÇüòÇüòÇ,2024-09-03T14:10:38.711Z,0,0,1,2024-09-03T14:10:38.711Z,telmagalhaes.bsky.social,,did:plc:olharhcgyf2aertpldqzgyxh,at://did:plc:7ufq7f6eayiercg6z7o7jnau/app.bsky.feed.post/3l3axi2hvfq2v,E fica a pergunta: como as autoridades v√£o entrar no X para saber quem est√° no X? üòÇ
at://did:plc:5dm7vmchomnfx26liqbro7r7/app.bsky.feed.post/3l3d6gtcnff2n,bafyreifn7yywycpeka4ai33b6t65igebwocqgtcqdlazexpt5shehuws34,"J√° est√£o l√°, todos eles, usando VPN.",2024-09-04T11:01:49.198Z,0,0,0,2024-09-04T11:01:45.835Z,antoniopierre.bsky.social,,did:plc:5dm7vmchomnfx26liqbro7r7,at://did:plc:7ufq7f6eayiercg6z7o7jnau/app.bsky.feed.post/3l3axi2hvfq2v,E fica a pergunta: como as autoridades v√£o entrar no X para saber quem est√° no X? üòÇ
at://did:plc:olharhcgyf2aertpldqzgyxh/app.bsky.feed.post/3l37tqplox72f,bafyreibdletiowl6zppmlgvvusbea3hkmpjfr2bme7uclq6ft4wrqyuefe,Vou de 30!!,2024-09-03T03:12:26.660Z,0,0,1,2024-09-03T03:12:26.660Z,telmagalhaes.bsky.social,,did:plc:olharhcgyf2aertpldqzgyxh,at://did:plc:7ufq7f6eayiercg6z7o7jnau/app.bsky.feed.post/3l36ynh3gwy2v,"N√≥s temos coragem para enfrentar o sistema e os abusos de poder. Uma S√£o Paulo mais livre √© poss√≠vel, mas precisamos fazer as nossas ideias chegarem mais longe.

Doe e contribua para a nossa campanha √† prefeitura em S√£o Paulo. Mais informa√ß√µes em doa.la/marina-prefe...

Vem de 30üß°üöÄ"
at://did:plc:j27cvt73shlu5h62sthyva32/app.bsky.feed.post/3l37aee6a4n2e,bafyreihthdmvnocdio6bg5k7ompcche54anejpdpx2qpjaabon3by3bw7i,Pensei que n√£o trairias o X üòÇ,2024-09-02T21:25:30.636Z,0,0,0,2024-09-02T21:25:30.636Z,barcaceli.bsky.social,,did:plc:j27cvt73shlu5h62sthyva32,at://did:plc:7ufq7f6eayiercg6z7o7jnau/app.bsky.feed.post/3l36ynh3gwy2v,"N√≥s temos coragem para enfrentar o sistema e os abusos de poder. Uma S√£o Paulo mais livre √© poss√≠vel, mas precisamos fazer as nossas ideias chegarem mais longe.

Doe e contribua para a nossa campanha √† prefeitura em S√£o Paulo. Mais informa√ß√µes em doa.la/marina-prefe...

Vem de 30üß°üöÄ"
at://did:plc:77domcf52gztbefduiaqunec/app.bsky.feed.post/3l3756iv2542z,bafyreigsiftg4bcfb4ecbdlvyezi5zs5pm22eokjccaetjcvwxhidri62m,N√£o foi convidada pro debate ontem?,2024-09-02T20:28:32.515Z,0,0,0,2024-09-02T20:28:32.515Z,rafasouto28.bsky.social,Rafael Souto,did:plc:77domcf52gztbefduiaqunec,at://did:plc:7ufq7f6eayiercg6z7o7jnau/app.bsky.feed.post/3l36ynh3gwy2v,"N√≥s temos coragem para enfrentar o sistema e os abusos de poder. Uma S√£o Paulo mais livre √© poss√≠vel, mas precisamos fazer as nossas ideias chegarem mais longe.

Doe e contribua para a nossa campanha √† prefeitura em S√£o Paulo. Mais informa√ß√µes em doa.la/marina-prefe...

Vem de 30üß°üöÄ"
at://did:plc:ystfxcvvwsze6kkv33xh6gzq/app.bsky.feed.post/3l37gde3d3u2k,bafyreihbvibnpu2d67vth7iqbgxuf5q57dptmdhhqbiysqsvmrpcg6p54m,"Marina Helena futura Prefeita de S√£o Paulo, 30 üß°",2024-09-02T23:12:19.709Z,0,0,2,2024-09-02T23:12:19.709Z,joao222.bsky.social,Jo√£o Vitor ,did:plc:ystfxcvvwsze6kkv33xh6gzq,at://did:plc:7ufq7f6eayiercg6z7o7jnau/app.bsky.feed.post/3l36l6blndj2o,"Tem muita gente que fala, mas n√£o sai do discurso. Voc√™s podem ter certeza: aqui tem coragem para enfrentar o sistema e os abusos de poder.

Dia 7 de setembro, nos vemos na Paulista."
at://did:plc:vznftabtwg4oeksmqz7tjca3/app.bsky.feed.post/3l36ldkuibh2m,bafyreidiamphgrkolsxsay7k27bnmq2xhbdmxn5egnpcl4h3ecepz3g7jq,Marina Oficial msm?,2024-09-02T15:09:16.729Z,1,0,1,2024-09-02T15:09:16.311Z,mattsantana.bsky.social,Matheus ...?!‚ú† Jesus Crist is my King üëë,did:plc:vznftabtwg4oeksmqz7tjca3,at://did:plc:7ufq7f6eayiercg6z7o7jnau/app.bsky.feed.post/3l36l6blndj2o,"Tem muita gente que fala, mas n√£o sai do discurso. Voc√™s podem ter certeza: aqui tem coragem para enfrentar o sistema e os abusos de poder.

Dia 7 de setembro, nos vemos na Paulista."
at://did:plc:olharhcgyf2aertpldqzgyxh/app.bsky.feed.post/3l37tsbgjzg25,bafyreigwrxguwc3qkpautb4w3xby2jidwsoabyuf2yxrkl4kur2ywp46ii,7 de setembro Todos na Paulista!!,2024-09-03T03:13:18.909Z,0,0,0,2024-09-03T03:13:18.909Z,telmagalhaes.bsky.social,,did:plc:olharhcgyf2aertpldqzgyxh,at://did:plc:7ufq7f6eayiercg6z7o7jnau/app.bsky.feed.post/3l36l6blndj2o,"Tem muita gente que fala, mas n√£o sai do discurso. Voc√™s podem ter certeza: aqui tem coragem para enfrentar o sistema e os abusos de poder.

Dia 7 de setembro, nos vemos na Paulista."
at://did:plc:eak2bjmdnsz56rqzgi44bqvj/app.bsky.feed.post/3l3bkd77nq32c,bafyreibqaq6ry25wjfw6tda5tf4qk5syjy5wirxi4w7c2oeaigjkvq7uxu,Chegueiiiii,2024-09-03T19:29:09.277Z,0,0,0,2024-09-03T19:29:09.277Z,liabr22.bsky.social,,did:plc:eak2bjmdnsz56rqzgi44bqvj,at://did:plc:7ufq7f6eayiercg6z7o7jnau/app.bsky.feed.post/3l36kv2wyij24,Chegamos! #vote30 üß°
