uri,cid,text,created_at,reply_count,repost_count,like_count,indexed_at,author_handle,author_display_name,author_did
at://did:plc:p6b4faz7zs56d2gx4euxsln2/app.bsky.feed.post/3l5nsb3itbj2e,bafyreidpimh2ybfhb55a4dcxvicwysp4vvv4ybexu626i22rmvrjkl7vtu,Sou de esquerda e me posiciono contra as desigualdades causadas pelas privatiza√ß√µes do modelo da gest√£o de Jo√£o Campos. #DebateNaGlobo,2024-10-04T03:13:27.417Z,0,1,5,2024-10-04T03:13:27.417Z,daniportelapsol.bsky.social,Dani Portela,did:plc:p6b4faz7zs56d2gx4euxsln2
at://did:plc:p6b4faz7zs56d2gx4euxsln2/app.bsky.feed.post/3l5nrbqtr252i,bafyreid5k6zzorpsjnszjd4xglhkjbb5z623xpuoqt57eursfw2ir52rmu,"Em Recife, bolsonarista n√£o se cria! ‚úäüèΩüåª",2024-10-04T02:55:56.770Z,0,3,8,2024-10-04T02:55:56.770Z,daniportelapsol.bsky.social,Dani Portela,did:plc:p6b4faz7zs56d2gx4euxsln2
at://did:plc:p6b4faz7zs56d2gx4euxsln2/app.bsky.feed.post/3l5nqpbuq3d2d,bafyreigbc2xco6sfqjlwvlcgnsleqvsk247qu72rvjp2duy4iygjefpq64,"Precisamos de pol√≠tica efetivas, que tragam qualidade e oportunidades para a comunidade LGBTQINPA+. Tamb√©m √© necess√°rio espa√ßos seguros para receber essa popula√ß√£o. #DebateNaGlobo",2024-10-04T02:45:36.425Z,0,1,2,2024-10-04T02:45:36.425Z,daniportelapsol.bsky.social,Dani Portela,did:plc:p6b4faz7zs56d2gx4euxsln2
at://did:plc:rqtwdj33ozy7jnkhbbxjcrv7/app.bsky.feed.post/3l5npjd2kmg27,bafyreibu5mwwbedjmy624vevshakewb4l6xzew33ynrcy7fl2zed5hk2mu,"‚ÄúEm terra de Paulo Freire, bolsonarista n√£o tem vez‚Äù

Dani Portela, arrasou demais!

#DebateNaGlobo",2024-10-04T02:24:22.739Z,0,1,7,2024-10-04T02:24:22.739Z,ellenramos.bsky.social,Ellen,did:plc:rqtwdj33ozy7jnkhbbxjcrv7
at://did:plc:p6b4faz7zs56d2gx4euxsln2/app.bsky.feed.post/3l5npolbwuz2v,bafyreihnok3nhkel3ezg6kwj4zutvaedrmn3osmmrybebz4j7ruegmreqe,"Na pol√≠tica, a gente precisa ter lado, isso n√£o √© um debate meramente ideol√≥gico. Sou de esquerda e me posiciono contra as desigualdades causadas pelas privatiza√ß√µes do modelo da gest√£o de Jo√£o Campos. 

Coliga√ß√£o Recife com a cara da gente: Federa√ß√£o PSOL/REDE - PCB 56.396.774/0001-38",2024-10-04T02:27:18.489Z,0,2,6,2024-10-04T02:27:18.489Z,daniportelapsol.bsky.social,Dani Portela,did:plc:p6b4faz7zs56d2gx4euxsln2
at://did:plc:p6b4faz7zs56d2gx4euxsln2/app.bsky.feed.post/3l5npa4wwgl2v,bafyreid2v25fin4wxtj5tac2aw5utlvbj5so6wy4cd57rltujs6jfu7zmi,"O governo Bolsonaro foi o pior governo n√£o s√≥ para as mulheres, mas para o pa√≠s como um todo. Precisamos priorizar as pol√≠ticas p√∫blicas para as mulheres, principalmente, quando falamos sobre seguran√ßa e igualdade. #DebateNaGlobo",2024-10-04T02:19:14.212Z,0,1,6,2024-10-04T02:19:14.212Z,daniportelapsol.bsky.social,Dani Portela,did:plc:p6b4faz7zs56d2gx4euxsln2
at://did:plc:p6b4faz7zs56d2gx4euxsln2/app.bsky.feed.post/3l5nn2adhp52u,bafyreihwy5hf3l2pwczyedd33n4gka5fitx636ee36drzjq4icxmqftnjq,"Eu n√£o quero armas para a Guarda Municipal! Antes de armar a guarda municipal, √© necess√°rio valorizar estes profissionais, proporcionando melhores sal√°rios e condi√ß√µes dignas de trabalho. #DebatenaGlobo",2024-10-04T01:40:05.987Z,0,0,4,2024-10-04T01:40:05.987Z,daniportelapsol.bsky.social,Dani Portela,did:plc:p6b4faz7zs56d2gx4euxsln2
at://did:plc:p6b4faz7zs56d2gx4euxsln2/app.bsky.feed.post/3l5n773amok2m,bafyreibwxwsxjujz7zyy7ldf2yfihy26k7c34x4wvifav6wlmr4xbmrhpa,"Hoje (3/10), √†s 22h, tem Dani no debate da Globo, visse? üì∫‚úäüèΩ Vem ouvir as propostas da nossa prefeita, para construir um Recife com a cara da gente!üåª Assiste por aqui üëáüèæ
g1.globo.com/pe/pernambuc...
#DaniPortela50 #RecifeComaCaradaGente",2024-10-03T21:32:19.810Z,0,1,2,2024-10-03T21:32:19.810Z,daniportelapsol.bsky.social,Dani Portela,did:plc:p6b4faz7zs56d2gx4euxsln2
at://did:plc:p6b4faz7zs56d2gx4euxsln2/app.bsky.feed.post/3l5n2ev4nh52l,bafyreihyflro47qonb5wttde42iiufbi5w6qdskrq7c7parr7izfaewyaa,"Lamento profundamente a perda do pequeno Tom√°s, de 10 anos, que faleceu ontem, vitimado por um choque el√©trico na Academia Recife no Engenho do Meio. Como m√£e, me compade√ßo da dor dessa fam√≠lia. A Prefeitura do Recife tem obriga√ß√£o de apurar as responsabilidades e dar respostas r√°pidas¬†√†¬†popula√ß√£o.",2024-10-03T20:06:05.539Z,0,0,2,2024-10-03T20:06:05.539Z,daniportelapsol.bsky.social,Dani Portela,did:plc:p6b4faz7zs56d2gx4euxsln2
at://did:plc:p6b4faz7zs56d2gx4euxsln2/app.bsky.feed.post/3l3r4bmgoc42v,bafyreic2sfanffz7znm4fmz3uvkjryzzkdunydfqnt45ekq3mx6y346oei,Espero que as autoridades competentes cheguem o quanto antes aos autores desses crimes. O √≥dio e a viol√™ncia n√£o combinam com a democracia.,2024-09-10T00:00:19.519Z,0,0,2,2024-09-10T00:00:19.519Z,daniportelapsol.bsky.social,Dani Portela,did:plc:p6b4faz7zs56d2gx4euxsln2
at://did:plc:p6b4faz7zs56d2gx4euxsln2/app.bsky.feed.post/3l3r4b5ptv225,bafyreih33m4erndgt263toq7xeakj723vuq3u63ssty35qgv2w3jhvmboy,"Da mesma forma, lamento e tor√ßo por uma r√°pida recupera√ß√£o do filho de Veia de Apr√≠gio, candidata a prefeita de Surubim, Neto de Veia, que sofreu um atentado e foi atingido por dois tiros no √∫ltimo fim de semana.",2024-09-10T00:00:04.095Z,1,0,1,2024-09-10T00:00:04.095Z,daniportelapsol.bsky.social,Dani Portela,did:plc:p6b4faz7zs56d2gx4euxsln2
at://did:plc:p6b4faz7zs56d2gx4euxsln2/app.bsky.feed.post/3l3r4aoedhe2w,bafyreiclkexqtuvaevsaoo563eyr5ply3uificur5njvvqrrt4d5bdzqyi,"Quero me solidarizar ao candidato a vereador pelo PT em Jaboat√£o, Iran Lins, assim como a sua fam√≠lia, alvo de amea√ßas de morte na madrugada desta segunda.",2024-09-09T23:59:47.983Z,2,0,4,2024-09-09T23:59:47.983Z,daniportelapsol.bsky.social,Dani Portela,did:plc:p6b4faz7zs56d2gx4euxsln2
at://did:plc:p6b4faz7zs56d2gx4euxsln2/app.bsky.feed.post/3l3r42s73qh2x,bafyreihecnd4ftryy6u3pnxbs2z4shsy4lsjc737qprizx23lulqusssuy,Eita!!! ‚ù§Ô∏è‚ù§Ô∏è se precisar de mais avisa que tem muita coisa legal üåª,2024-09-09T23:56:30.683Z,0,0,1,2024-09-09T23:56:30.683Z,daniportelapsol.bsky.social,Dani Portela,did:plc:p6b4faz7zs56d2gx4euxsln2
at://did:plc:p6b4faz7zs56d2gx4euxsln2/app.bsky.feed.post/3l3izjjt4bx2c,bafyreihldiu3q5s2sr55o733lljpqs7bedwut2gsdhlfag3dapfnigs67e,"Confio que as medidas que est√£o sendo tomadas pelo Presidente Lula, junto aos √≥rg√£os respons√°veis por esse tipo de caso, s√£o acertadas e ir√£o assegurar que se¬†fa√ßa¬†justi√ßa.",2024-09-06T18:49:45.889Z,0,0,0,2024-09-06T18:49:45.889Z,daniportelapsol.bsky.social,Dani Portela,did:plc:p6b4faz7zs56d2gx4euxsln2
at://did:plc:p6b4faz7zs56d2gx4euxsln2/app.bsky.feed.post/3l3izj7s4fo22,bafyreieqfsgfulbxjgzqvgd3oe7fgld3vdqk5mujcrsjsw5oaxglukkybi,"As den√∫ncias que vieram √† tona s√£o graves e devem ser apuradas com todo rigor, garantindo a necess√°ria escuta e o respeito pelas vitimas.",2024-09-06T18:49:35.376Z,1,0,0,2024-09-06T18:49:35.376Z,daniportelapsol.bsky.social,Dani Portela,did:plc:p6b4faz7zs56d2gx4euxsln2
at://did:plc:p6b4faz7zs56d2gx4euxsln2/app.bsky.feed.post/3l3iziklkfv2e,bafyreia5hprr4aa27p3h4ypch73chwm7crjub3sosbo65rpu2qzdgn7gxm,"Nesse momento, quero expressar todo o meu apoio e solidariedade √† ministra Anielle Franco e √†s demais mulheres v√≠timas dos epis√≥dios de viol√™ncia noticiados ontem.",2024-09-06T18:49:13.138Z,1,0,4,2024-09-06T18:49:13.138Z,daniportelapsol.bsky.social,Dani Portela,did:plc:p6b4faz7zs56d2gx4euxsln2
at://did:plc:p6b4faz7zs56d2gx4euxsln2/app.bsky.feed.post/3l3edcqdxd624,bafyreidou2r254ceipjz23nv5rryow2tpwmxcxiaiakyksgnwo2x76d3e4,"Gratid√£o, querida üòç Foi lindo demais! Bora nessa que aqui em Recife √© 50!",2024-09-04T22:01:36.693Z,0,0,1,2024-09-04T22:01:36.693Z,daniportelapsol.bsky.social,Dani Portela,did:plc:p6b4faz7zs56d2gx4euxsln2
at://did:plc:p6b4faz7zs56d2gx4euxsln2/app.bsky.feed.post/3l3ect7qwdh2e,bafyreidxcbdn2pnrdtuch4v4on2dn473aj2lonayyr3l7zzwlvoc4jkkia,"Quem vive mudando de lado √© bolinha de ping-pong. ‚úäüèΩüåª
#Dani50 #RecifeT√°ComEla #Elei√ß√µes2024

üëÄ www.instagram.com/reel/C_gsNTy...",2024-09-04T21:52:55.269Z,1,0,4,2024-09-04T21:52:55.269Z,daniportelapsol.bsky.social,Dani Portela,did:plc:p6b4faz7zs56d2gx4euxsln2
at://did:plc:p6b4faz7zs56d2gx4euxsln2/app.bsky.feed.post/3l3dyjzksrb2c,bafyreic57grrooqtvuhyogwrdn73qngxgqhhfdp7j6sfigct7elhs3segu,Oi! Chegando por aqui üåª,2024-09-04T18:48:50.200Z,1,0,6,2024-09-04T18:48:50.200Z,daniportelapsol.bsky.social,Dani Portela,did:plc:p6b4faz7zs56d2gx4euxsln2
