reply_uri,reply_cid,original_post_uri,original_post_text,original_post_author_handle,reply_text,reply_created_at,reply_reply_count,reply_repost_count,reply_like_count,reply_indexed_at,reply_author_handle,reply_author_display_name,reply_author_did
at://did:plc:q3ounltd3q7f5fxotokzplnh/app.bsky.feed.post/3l5snu7u35k2u,bafyreie7d4plslgxpgwitpwh34r4kwxbu3adnx6jveu4h4htt42evol2fq,at://did:plc:zhb7sulsdplha6iibmay6735/app.bsky.feed.post/3l5snci2qz72m,Neste domingo vote pela ci√™ncia! Tatiana Roque 40123,tatiroque.bsky.social,"Boa sorte, amiga!",2024-10-06T01:37:59.524Z,0,0,0,2024-10-06T01:37:59.524Z,aletheiavieira.bsky.social,Aletheia Vieira,did:plc:q3ounltd3q7f5fxotokzplnh
at://did:plc:74pijyi2m7jc4wztf32rp6ld/app.bsky.feed.post/3l5tj6iobfq2b,bafyreiclpu7c5csfdhmybu746hqjmv7bvzqkt7tybl62kwd55cpvdnmyhm,at://did:plc:zhb7sulsdplha6iibmay6735/app.bsky.feed.post/3l5snci2qz72m,Neste domingo vote pela ci√™ncia! Tatiana Roque 40123,tatiroque.bsky.social,Tem meu voto,2024-10-06T09:46:56.292Z,0,0,0,2024-10-06T09:46:56.292Z,jdcayres.bsky.social,J√©ssica,did:plc:74pijyi2m7jc4wztf32rp6ld
at://did:plc:2qvx4i33mg2cx7aihzwc7vg6/app.bsky.feed.post/3l5v2xrjdvp2q,bafyreicb2h2qvhmxx3u64nejd2mezl3npyxbqptdw6evvbw2wmjzjhfppy,at://did:plc:zhb7sulsdplha6iibmay6735/app.bsky.feed.post/3l5snci2qz72m,Neste domingo vote pela ci√™ncia! Tatiana Roque 40123,tatiroque.bsky.social,"Parab√©ns, Tatiana, pela vit√≥ria, c√™ √© vereadoraaaaaa üíö",2024-10-07T00:37:57.753Z,0,0,2,2024-10-07T00:37:57.753Z,beatrizdiniz.bsky.social,Beatriz Diniz,did:plc:2qvx4i33mg2cx7aihzwc7vg6
at://did:plc:4uckkpy4kgg7tlsjobivzbbd/app.bsky.feed.post/3l5ilsgylcp2a,bafyreicghd7h4pnzqzc3a2wakhidzpzjajaulbxwmwrjtczahfuwfurtoa,at://did:plc:zhb7sulsdplha6iibmay6735/app.bsky.feed.post/3l5ilbzap7o2p,Pior isso corri pra c√° üôå,tatiroque.bsky.social,Mas a√≠ o erro √© n√£o estar aqui o tempo todo hehe,2024-10-02T01:34:35.100Z,1,0,2,2024-10-02T01:34:35.100Z,felipecintra.bsky.social,Felipe Cintra Braga,did:plc:4uckkpy4kgg7tlsjobivzbbd
at://did:plc:xuraykzt74ch7eaxxnejenx2/app.bsky.feed.post/3l5iktzdiw624,bafyreibravfwjmzv6peaea2elidnjby2blukh64kz3sghyxscrsw7yvzsy,at://did:plc:zhb7sulsdplha6iibmay6735/app.bsky.feed.post/3l5ikpudwhx24,Por isso a gente sente falta daquela rede l√°: no Instagram n√£o tem ningu√©m falando do avi√£o do Lula üò≥,tatiroque.bsky.social,O Instagram √© tipo um shopping chique,2024-10-02T01:17:34.964Z,0,0,2,2024-10-02T01:17:34.964Z,yaso.is,yaso,did:plc:xuraykzt74ch7eaxxnejenx2
at://did:plc:l6wk5l3xk6yqhvwta7v5ly42/app.bsky.feed.post/3l5ilaiqmyy2i,bafyreignsuvkagxid6px6vhkrd7qjjt22kdlg4rvflhmp6hruzhvbhzqye,at://did:plc:zhb7sulsdplha6iibmay6735/app.bsky.feed.post/3l5ikpudwhx24,Por isso a gente sente falta daquela rede l√°: no Instagram n√£o tem ningu√©m falando do avi√£o do Lula üò≥,tatiroque.bsky.social,"Mas fica por aqui, t√° todo mundo falando :)",2024-10-02T01:24:33.543Z,1,0,1,2024-10-02T01:24:33.543Z,efeitomatilda.bsky.social,,did:plc:l6wk5l3xk6yqhvwta7v5ly42
at://did:plc:azyktvipfieicjqiktzjrxpj/app.bsky.feed.post/3l5ijtlbc6h2a,bafyreihy6nkjyhljgpmcuaf4jotvviy5fh36pfdsb3iz5gxm7wjwowvzha,at://did:plc:zhb7sulsdplha6iibmay6735/app.bsky.feed.post/3l5ijmwgsjh2d,Eita,tatiroque.bsky.social,Aqui da pra acompanhar pt.flightaware.com/live/flight/...,2024-10-02T00:59:26.503Z,1,0,1,2024-10-02T00:59:26.503Z,ricardoarrays.bsky.social,Kings,did:plc:azyktvipfieicjqiktzjrxpj
at://did:plc:q22vexqa7od7oitbjukniyug/app.bsky.feed.post/3l5zb42kitq2a,bafyreihao6hpimkxskegoor7qkfsqawnc2speg3ziljn6zmip7u2utnt3q,at://did:plc:zhb7sulsdplha6iibmay6735/app.bsky.feed.post/3l5ijlsrxzt2g,Eu n√£o tenho comit√™ na Av Rio Branco !,tatiroque.bsky.social,"Tem raz√£o, n√£o era um comit√™. Era um grupo de apoiadores. Mas td certo... parab√©ns pela vit√≥ria. Torci por vc. Bj",2024-10-08T16:38:23.613Z,0,0,0,2024-10-08T16:38:23.114Z,bsdojones.bsky.social,Jon,did:plc:q22vexqa7od7oitbjukniyug
at://did:plc:azyktvipfieicjqiktzjrxpj/app.bsky.feed.post/3l5ijd4bpff2o,bafyreieqqvizrjmuda7bfm3fycnlnovpj74th64xiydxecvp2aw5p7moxq,at://did:plc:zhb7sulsdplha6iibmay6735/app.bsky.feed.post/3l5ij5kppe72z,O avi√£o j√° pousou gente? Preocupada,tatiroque.bsky.social,Parece que ainda n√£o üòê,2024-10-02T00:50:13.708Z,1,0,1,2024-10-02T00:50:13.708Z,ricardoarrays.bsky.social,Kings,did:plc:azyktvipfieicjqiktzjrxpj
at://did:plc:gobr6olhhev55wz3rtlr254i/app.bsky.feed.post/3l5ijwismev2s,bafyreifw2lwq5p3ofupurkfeymf4vhvzahjxo3kqcvbe4uxlbbs5pic7qq,at://did:plc:zhb7sulsdplha6iibmay6735/app.bsky.feed.post/3l5ij2tg7tb2s,üôå,tatiroque.bsky.social,"nossa, que honra! obrigado!!!",2024-10-02T01:01:04.621Z,0,0,1,2024-10-02T01:01:04.621Z,thiagogimenes.com.br,thiago gimenes,did:plc:gobr6olhhev55wz3rtlr254i
at://did:plc:q22vexqa7od7oitbjukniyug/app.bsky.feed.post/3l5ij6xjwyy2f,bafyreib3ukn2fykdcof5t2g5x4eg4cqrtiisjmur4dfl7fy6qrf33bc4iu,at://did:plc:zhb7sulsdplha6iibmay6735/app.bsky.feed.post/3l5iizvzmej23,Obrigada !,tatiroque.bsky.social,"Boa noite, Tati, vc √© maravilhosa. Mas n√£o posso deixar de alertar que a polui√ß√£o sonora que a elei√ß√£o causa na av rio Branco  atrapalhando trabalhadores. Ok seu comit√™ n√£o √© o √∫nico, mas nao posso deixar de dizer do inc√¥modo que me causa.",2024-10-02T00:47:55.198Z,1,0,0,2024-10-02T00:47:55.017Z,bsdojones.bsky.social,Jon,did:plc:q22vexqa7od7oitbjukniyug
at://did:plc:zhb7sulsdplha6iibmay6735/app.bsky.feed.post/3l4vxkvmbo62w,bafyreib7h2v55qfo5jwxwixznyhmz45muc3khtdngoscocylpy7crgeeoy,at://did:plc:73znobjpd5znpdqzvecuk7hj/app.bsky.feed.post/3l4rfusglc427,"Fiquei feliz em encontrar no Aterro a @tatiroque.bsky.social fazendo campanha para vereadora! Anteriormente j√° confiei meu voto nela para deputada e o farei de novo para a C√¢mara Municipal.

Para vereadora no Rio:
Professora Tatiana Roque 4Ô∏è‚É£0Ô∏è‚É£1Ô∏è‚É£2Ô∏è‚É£3Ô∏è‚É£
Veja mais nos cards üëá",drgineco.bsky.social,Muito obrigada pelo apoio!,2024-09-24T15:44:32.712Z,1,0,1,2024-09-24T15:44:32.712Z,tatiroque.bsky.social,Tatiana Roque,did:plc:zhb7sulsdplha6iibmay6735
at://did:plc:73znobjpd5znpdqzvecuk7hj/app.bsky.feed.post/3l4rfxfdnsq2w,bafyreibnzyjlf47luftdqvmdiiepybzxxetyocmva5nkjkoadoxsble2kq,at://did:plc:73znobjpd5znpdqzvecuk7hj/app.bsky.feed.post/3l4rfusglc427,"Fiquei feliz em encontrar no Aterro a @tatiroque.bsky.social fazendo campanha para vereadora! Anteriormente j√° confiei meu voto nela para deputada e o farei de novo para a C√¢mara Municipal.

Para vereadora no Rio:
Professora Tatiana Roque 4Ô∏è‚É£0Ô∏è‚É£1Ô∏è‚É£2Ô∏è‚É£3Ô∏è‚É£
Veja mais nos cards üëá",drgineco.bsky.social,E como ponto importante de escolha: a candidata est√° presente aqui no nosso c√©u azul! ü¶ã üôÇ,2024-09-22T20:18:45.816Z,0,0,3,2024-09-22T20:18:45.812Z,drgineco.bsky.social,Dr. Gineco ‚Ä¢ Alberto Freitas,did:plc:73znobjpd5znpdqzvecuk7hj
at://did:plc:73znobjpd5znpdqzvecuk7hj/app.bsky.feed.post/3l4w2jry3nh2j,bafyreidgfnxzsv4vw4wkpd6a4kvsn6l25jcntyh6ez66ske6syux7xwk4u,at://did:plc:zhb7sulsdplha6iibmay6735/app.bsky.feed.post/3l4vxkvmbo62w,Muito obrigada pelo apoio!,tatiroque.bsky.social,Nada! Rumo √† vit√≥ria no pleito.,2024-09-24T16:37:36.396Z,0,0,0,2024-09-24T16:37:36.396Z,drgineco.bsky.social,Dr. Gineco ‚Ä¢ Alberto Freitas,did:plc:73znobjpd5znpdqzvecuk7hj
at://did:plc:zhb7sulsdplha6iibmay6735/app.bsky.feed.post/3l3jraxd22f2k,bafyreihyht6b453i3fxw4y7u7k53bkhwtzpbj56bzu6usgjymedeyipvju,at://did:plc:zhb7sulsdplha6iibmay6735/app.bsky.feed.post/3l3jr6fvavo2j,"Hoje foi um dia triste. Toda minha solidariedade √† ministra Anielle Franco. A viol√™ncia sexual contra as mulheres √© uma das express√µes mais n√≠tidas e, infelizmente, mais comuns do machismo. As v√≠timas precisam ser acolhidas, sempre. Suas den√∫ncias n√£o podem ser descredibilizadas.",tatiroque.bsky.social,"
A complexidade do caso demanda rigor e celeridade na apura√ß√£o, garantindo o amplo direito de defesa. 

Fica a certeza de que a luta coletiva contra o machismo √© extremamente necess√°ria em nosso pa√≠s.",2024-09-07T01:54:28.010Z,0,1,13,2024-09-07T01:54:28.010Z,tatiroque.bsky.social,Tatiana Roque,did:plc:zhb7sulsdplha6iibmay6735
at://did:plc:b5zs4obtveaah54lafbdpb7c/app.bsky.feed.post/3l3ap25knwu22,bafyreifyqfexzex3gpy75ium5qbzufobfafkwaxarekrsyb7pydef5ns3i,at://did:plc:zhb7sulsdplha6iibmay6735/app.bsky.feed.post/3l3aokyj5s42m,Vendedor de ideias perigosas,tatiroque.bsky.social,revistacult.uol.com.br/home/faltam-...,2024-09-03T11:20:54.064Z,0,0,1,2024-09-03T11:20:54.064Z,diego.carvalho.nom.br,Diego Carvalho,did:plc:b5zs4obtveaah54lafbdpb7c
at://did:plc:b5zs4obtveaah54lafbdpb7c/app.bsky.feed.post/3l3aokfdzdc2h,bafyreifqnm6p3a5d7bpujaogsgi6xq54miy7ehk7pipi4bd47tj47jzgnu,at://did:plc:zhb7sulsdplha6iibmay6735/app.bsky.feed.post/3l3anlwbonp22,"Acho equivocado dizer que Mar√ßal tem outras raz√µes que n√£o a pol√≠tica. A motiva√ß√£o dele √© plenamente ideol√≥gica. E a√≠  que mora o maior perigo. √â a ideia de que s√≥ o esfor√ßo individual leva √† prosperidade, de que o social √© secund√°rio e culpado. Ele encarnaria uma moral supostamente superior.",tatiroque.bsky.social,"Sim, ideol√≥gica, mas moldada para ser um bom neg√≥cio. Tecnicamente, um vendedor sem escr√∫pulos, moral etc.",2024-09-03T11:12:05.174Z,1,0,0,2024-09-03T11:12:05.174Z,diego.carvalho.nom.br,Diego Carvalho,did:plc:b5zs4obtveaah54lafbdpb7c
at://did:plc:2542ibk6qixa5wpcg7hrwuj3/app.bsky.feed.post/3l37pmxaclt26,bafyreib3wsda2zjpinkigma22xqcsbbsvdpcelo6bo3fiur7sr7e3nmx6a,at://did:plc:zhb7sulsdplha6iibmay6735/app.bsky.feed.post/3l37p3kgbg52i,N√£o contem pra ningu√©m: o M n√£o gosta de ser chamado de coach (acabou de passar recibo no Roda Viva),tatiroque.bsky.social,S√≥ chamo de coach,2024-09-03T01:58:45.709Z,0,0,1,2024-09-03T01:58:45.709Z,herikasette.bsky.social,Herika Sette,did:plc:2542ibk6qixa5wpcg7hrwuj3
at://did:plc:turut7czselvikdf3wf2irpp/app.bsky.feed.post/3kpvknezr442i,bafyreidutbhh6jctasp4272437rdffdt2xwdnk5vrswxdciy5vqmucvady,at://did:plc:zhb7sulsdplha6iibmay6735/app.bsky.feed.post/3jucjtuyq4g2h,"Cheguei por aqui, amizades",tatiroque.bsky.social,Bem vinda!,2024-04-12T01:25:46.945Z,0,0,0,2024-04-12T01:25:46.614Z,macedos1.bsky.social,Orlando J,did:plc:turut7czselvikdf3wf2irpp
at://did:plc:j7odevj4k7sk3cy22ito4vts/app.bsky.feed.post/3l32mqbcqbu2s,bafyreidhcgkb73aixvof4kwhrdvwxtdmvjadkgsk5btkptfrtnbkpgkola,at://did:plc:zhb7sulsdplha6iibmay6735/app.bsky.feed.post/3jucjtuyq4g2h,"Cheguei por aqui, amizades",tatiroque.bsky.social,Hora de sair do X do Musk,2024-09-01T01:23:36.765Z,0,0,1,2024-09-01T01:23:36.765Z,nelsonrfbraga.bsky.social,,did:plc:j7odevj4k7sk3cy22ito4vts
