uri,cid,text,created_at,reply_count,repost_count,like_count,indexed_at,author_handle,author_display_name,author_did,violence_detected
at://did:plc:onmnqo6ojxjhfgjdphvtzmty/app.bsky.feed.post/3l5fp6vip5h27,bafyreibn6vjia23jevuriutflhnyetnai5at7kffr2ojfwlrwfccqcc4eu,Depois desse tem o da TV Integra√ß√£o na quinta-feira,2024-09-30T21:57:18Z,0,0,0,2024-09-30T21:57:16Z,reinaldo567.bsky.social,Reinaldo B Silva üö©üö©üö©üáßüá∑ ‚ò≠‚≠êü¶ãü¶ã,did:plc:onmnqo6ojxjhfgjdphvtzmty,sem viol√™ncia detectada
at://did:plc:nejnjjp5aqxkuf6he7dyfsxo/app.bsky.feed.post/3l5atvo2x642z,bafyreih6g5fx4nc2vbr4nsr4wsi2gtayqftylr5pchzm5tmf3bxyryn7d4,Oq vc acha de seguir a gente pra n√≥s dar moral e ainda mais credibilidade,2024-09-28T23:38:15Z,1,0,1,2024-09-28T23:38:15Z,stamusica.bsky.social,StaMusica,did:plc:nejnjjp5aqxkuf6he7dyfsxo,sem viol√™ncia detectada
at://did:plc:mqi5hejmyastrkn5jb44l2ww/app.bsky.feed.post/3l5fsovysgp2t,bafyreiegnbccbeu62adztlfhzjf36q6ixamjfiqxaemhvonasrb2qjgrja,"Candidata, quem sou eu na fila do p√£o? Mas fica a dica, siga os seus seguidores tamb√©m. N√£o cometa o erro das ""celebridades"" desses app achando que n√≥s da esquerda n√£o pensamos como o gado da extrema direita. Eu sou de BH e estou fazendo propaganda aqui para voc√™. üòÄ",2024-09-30T22:59:54Z,0,0,0,2024-09-30T22:59:54Z,alexproflp.bsky.social,üö©üö©üö©‚Ä¨ Alexander Fabiano üö©üö©üö©‚Ä¨,did:plc:mqi5hejmyastrkn5jb44l2ww,sem viol√™ncia detectada
at://did:plc:xz5ahxwqrrybn4aq2oqj77qc/app.bsky.feed.post/3l5foxt2xkw2u,bafyreifsqazan2pgdndvr3wbcb5nfzk3ttf33xmp5wp3uripu7qrgfzaf4,"BH ainda na seca !
DANDARA PREFEITA UBERL√ÇNDIA",2024-09-30T21:53:17Z,0,0,0,2024-09-30T21:53:17Z,maribh2.bsky.social,NA,did:plc:xz5ahxwqrrybn4aq2oqj77qc,sem viol√™ncia detectada
at://did:plc:cagohubuube6lfktzphcygmf/app.bsky.feed.post/3l5hnuxxss22r,bafyreibwgdvwphgkhw7jnwpaw7wvzk767is7jq3liwr56jowqovn7rapwa,"Esse gr√°fico mostra que Partidos de Direita em tempos eleitorais fazendo o que fazem de melhor!

IR NAS PERIFERIAS COMPRAR VOTO!
DEPOIS ESQUECEM DO POVO!

A UNICA FORMA DE CONTER ESSE AVAN√áO BOLSONARISTA EM UBERLANDIA √â FOCANDO EM MAIS REGI√ïES DA PERIFERIA.

O POVO QUER DAR OUVIDO PARA DANDARA!",2024-10-01T16:39:05Z,0,0,0,2024-10-01T16:39:05Z,revistaleste.bsky.social,Revista Leste - Portal de Not√≠cias,did:plc:cagohubuube6lfktzphcygmf,sem viol√™ncia detectada
at://did:plc:3jyj4xit2nxpsjp25dcfuz4j/app.bsky.feed.post/3l5akzdn7cp2i,bafyreih5kqyioeiwjuoeeu4fhez7hk7atjbcqzzrs4xqgoxtlno5uowgla,Isso porque nem choveu muito. Dandara 13 para mudar Uberl√¢ndia!,2024-09-28T20:59:15Z,0,0,0,2024-09-28T20:59:15Z,camilarisso.bsky.social,Camila Risso,did:plc:3jyj4xit2nxpsjp25dcfuz4j,sem viol√™ncia detectada
at://did:plc:jrgt7z5qcpc5mspuq3rnveli/app.bsky.feed.post/3l4k7pp5tit2o,bafyreighqq5u3bcwfp6ouku4v64qf4t2k5xa6hlyk2qnjpdzztr676kypu,"Uai, ele ainda vota aqui?",2024-09-19T23:38:26Z,1,0,0,2024-09-19T23:38:26Z,thelastkingslayer.bsky.social,Regicida üëë,did:plc:jrgt7z5qcpc5mspuq3rnveli,sem viol√™ncia detectada
at://did:plc:egyhhkqddh3c3ffmhuwzqrga/app.bsky.feed.post/3l4j73jenyi24,bafyreicakyvejpflksw7frzxm4nm7q7lzyrf5ynyagkrwkigf5sz2yjg6i,"Queria que a Dandara enchesse  as redes dela com pontos fracos da gest√£o atual , e apresentasse solu√ß√µes. Em Uberl√¢ndia a Sa√∫de √© muito ruim , na educa√ß√£o faltam vagas . N√£o tem chegado esse tipo de conte√∫do pra mim , quem dir√° pros eleitores que ela precisa ganhar .",2024-09-19T13:55:01Z,0,0,0,2024-09-19T13:54:30Z,rafa13cruz.bsky.social,NA,did:plc:egyhhkqddh3c3ffmhuwzqrga,sem viol√™ncia detectada
at://did:plc:q5byw2mcovub2ff4gshdood2/app.bsky.feed.post/3l3zg3vrt2m2f,bafyreidrvqt7libkbci37pscxizojkuk5vw2ilrmkkg7kj6buhcplo3nje,@pedrolpb.bsky.social,2024-09-13T07:17:21Z,1,0,0,2024-09-13T07:17:21Z,thalitismos.bsky.social,thalita rosa,did:plc:q5byw2mcovub2ff4gshdood2,sem viol√™ncia detectada
at://did:plc:nejnjjp5aqxkuf6he7dyfsxo/app.bsky.feed.post/3l3y2zmxpx327,bafyreif6rcz4xa6urv2ororurzcsgxw4ldejbqoourqqfnsb55wfe26i2q,"Vc bem podia seguir a gente pra n√≥s dar moral e ainda mais credibilidade, vem",2024-09-12T18:26:35Z,0,0,0,2024-09-12T18:26:35Z,stamusica.bsky.social,StaMusica,did:plc:nejnjjp5aqxkuf6he7dyfsxo,sem viol√™ncia detectada
at://did:plc:j4oqmwcrnkor5bz3low7ilp4/app.bsky.feed.post/3l42fgscm7h2p,bafyreifqjbgjc3hqeuqs7ynidismksqa7kiri2qblhmjcd72hmpti7i5uy,"Quem percorre a Estrada do Manso, em MT se depara com uma paisagem repetitiva: √°reas com o que restou da vegeta√ß√£o do Cerrado e focos de queimadas.
Esse √© o caminho para o Malai Manso, q sedia a reuni√£o t√©cnica do Grupo de Trabalho (GT) de Agricultura do G20
jornalistaslivres.org/pra-gringo-v...",2024-09-13T16:38:14Z,0,0,0,2024-09-13T16:38:14Z,melrj.bsky.social,M Amelia Teixeia,did:plc:j4oqmwcrnkor5bz3low7ilp4,sem viol√™ncia detectada
at://did:plc:ie4ejaq2yegzlafpvtkxyr54/app.bsky.feed.post/3l3yjzor5cv2t,bafyreigxcjr6jvdeizjdq3nejzlqkvszvhb7gwdnigykurlzqqmaj6q46i,"Sem teoria da conspira√ß√£o, por favor. Em novembro, quando o G20 se re√∫ne, o pa√≠s quase todo ter√° chuva, algumas cidades at√© com enchente. Mas tem muito inc√™ndio criminoso e a pol√≠cia est√° bem devagar para achar os mandantes",2024-09-12T22:55:04Z,0,0,0,2024-09-12T22:55:04Z,sandovals.bsky.social,Sandoval,did:plc:ie4ejaq2yegzlafpvtkxyr54,sem viol√™ncia detectada
at://did:plc:bwyarkco4qluian4dhqarzm2/app.bsky.feed.post/3l43unwkv3r2q,bafyreigqfk7lijz3ztbcvscq6cmflghrj52f7egjj5o7yqc2cgzorsu7ci,"@lulaoficial , @marinasilvaoficial , @mmeioambiente , @supremotribunalfederal   Seria maravilhoso o Brasil poder apresentar na COP 2026 todos os verdadeiros respons√°veis pelas queimadas, com nomes, sobrenomes, fotos e cumprindo as pernas cab√≠veis. Seria ""A LI√á√ÉO"".",2024-09-14T06:43:19Z,0,0,0,2024-09-14T06:43:19Z,claudiagds.bsky.social,Claudiacgds,did:plc:bwyarkco4qluian4dhqarzm2,sem viol√™ncia detectada
at://did:plc:cagohubuube6lfktzphcygmf/app.bsky.feed.post/3l3mhwhvmdl2y,bafyreigos7qqcgzj6alv4y7j3yf7ghyda2sfyvvko6qq65vyvixs7g7kmu,NA,2024-09-08T03:45:31Z,0,0,0,2024-09-08T03:45:31Z,revistaleste.bsky.social,Revista Leste - Portal de Not√≠cias,did:plc:cagohubuube6lfktzphcygmf,sem viol√™ncia detectada
at://did:plc:afq5olac55jyxbq5gxeihvqs/app.bsky.feed.post/3l3h4fyalz723,bafyreicm27yxqwm5rzknnxxb7sash2cbsds2hzdxu2675gwapyc6dewva4,üëèüèΩüëèüèΩüëèüèΩüëèüèΩ,2024-09-06T00:36:08Z,0,0,0,2024-09-06T00:36:08Z,caldeiraflavio.bsky.social,Fl√°vio,did:plc:afq5olac55jyxbq5gxeihvqs,sem viol√™ncia detectada
at://did:plc:kxmmdokv3ws4hqjavgcrr6om/app.bsky.feed.post/3l3s7ckkv442q,bafyreifi22wwr5io6r2wtswdbl7c4hgdnhoufcetgf3zezqwgqbqcuvrr4,Sigam a candidata do presidente Lula esquerda üö©üö©üö©üö©üö©,2024-09-10T10:27:10Z,0,0,0,2024-09-10T10:27:10Z,evarubio.bsky.social,Eva üö© No X perfil Palestina livre,did:plc:kxmmdokv3ws4hqjavgcrr6om,sem viol√™ncia detectada
at://did:plc:afq5olac55jyxbq5gxeihvqs/app.bsky.feed.post/3l3h4gsuf7d2u,bafyreiadrtbc5lrt23fvsfebn5em6ekj2j4nelx3abs64zogq6sexj73xu,Que fot√£o @todandara.bsky.social ü§©,2024-09-06T00:36:36Z,0,0,0,2024-09-06T00:36:36Z,caldeiraflavio.bsky.social,Fl√°vio,did:plc:afq5olac55jyxbq5gxeihvqs,sem viol√™ncia detectada
at://did:plc:7l6b7ye3dgn2imymidt5u6al/app.bsky.feed.post/3l3h3lgofio2d,bafyreiev6s34i3nfothh3hi6nqtd4dy6qizvrptrqzdvtm5w5uv2ihat3q,"Se eu tivesse uma foto dessas, eu fazia um p√¥ster e colocava na parede principal da minha sala. üòÅ",2024-09-06T00:21:17Z,0,0,0,2024-09-06T00:21:17Z,atwitt.bsky.social,NA,did:plc:7l6b7ye3dgn2imymidt5u6al,sem viol√™ncia detectada
at://did:plc:7gnzgdbjes7n6fjoit5bzdvq/app.bsky.feed.post/3l3h2w3io7b2h,bafyreibw6zcvdi2xihfsfaecvbijldzboffjzzfhkvabfukelzl2sdu6ju,üôåüôå,2024-09-06T00:09:22Z,0,0,0,2024-09-06T00:09:21Z,1967289.bsky.social,Rosalia Martins Battistin,did:plc:7gnzgdbjes7n6fjoit5bzdvq,sem viol√™ncia detectada
at://did:plc:6fg2bklvhw3c2msqj4e6crcl/app.bsky.feed.post/3l3gun5xx6n2q,bafyreicftxnroq7ze6r4ayluzy6vjql2p5zwwyzdywui7sgbdtqytl6boi,lindos demais ü•π,2024-09-05T22:16:59Z,0,0,0,2024-09-05T22:16:59Z,gagafurler.bsky.social,fernando,did:plc:6fg2bklvhw3c2msqj4e6crcl,sem viol√™ncia detectada
at://did:plc:3ui6y6idfdzsiwtqfwt5qh4i/app.bsky.feed.post/3l3gr3yy6cl2r,bafyreid4kdxngcdukiubkdrxgisuh5z5v543lbpcbctx6x2ewqsgy2vmbm,ü§úüèΩü§õüèΩ Dandara!!!,2024-09-05T21:13:41Z,0,0,0,2024-09-05T21:13:41Z,jclovis1970.bsky.social,Jo√£o Cl√≥vis,did:plc:3ui6y6idfdzsiwtqfwt5qh4i,sem viol√™ncia detectada
at://did:plc:32hmdogpchlpix5ye5kjhm5k/app.bsky.feed.post/3l3h3ykyj7s2i,bafyreie5puf5upydgddr5fleghp5mkyghnslmwzuubhxqdyg4gmauigtmi,"Que linda foto! 
Deus aben√ßoe voc√™ e a sua candidatura, Dandara!",2024-09-06T00:28:37Z,0,0,0,2024-09-06T00:28:37Z,cibelebastos.bsky.social,Cibele √© Lula  ‚≠êüö©,did:plc:32hmdogpchlpix5ye5kjhm5k,sem viol√™ncia detectada
at://did:plc:yu5xyee54xsaesfrp7cep6wj/app.bsky.feed.post/3l3h3tcwgcm2d,bafyreiat7rmforhhban5x7pewf5xqj4evwgiz45hxictlk2hazn7owf3mu,"Aprende Bolsonaro com o professor, como se governa um pa√≠s.",2024-09-06T00:26:53Z,0,0,0,2024-09-06T00:25:42Z,tvcidooficial.bsky.social,Tv Cido Oficial,did:plc:yu5xyee54xsaesfrp7cep6wj,sem viol√™ncia detectada
at://did:plc:whlo2tap7udbs7pgzf6oauom/app.bsky.feed.post/3l3gtcyk2i52d,bafyreicdg6wxfrae4eckdy3lf33ujwmcoce63irz5jf7fquep7slxgx6s4,"Para Prefeito de Mesquita: Dr Luis Claudio 
Time do Lula no Estado do Rio de Janeiro 
#LulaTimeDeLuta",2024-09-05T21:53:21Z,0,0,0,2024-09-05T21:53:21Z,marlenebr.bsky.social,"@marlenebr.bsky.social, esquerdista, votei  Lula, Haddad , Dilma",did:plc:whlo2tap7udbs7pgzf6oauom,sem viol√™ncia detectada
at://did:plc:ufyejf4ulkyivwuqpqjgblke/app.bsky.feed.post/3l3gqecubs622,bafyreidracjsgnllcppwmahaszlvg44iq6tvdcfrzp62r5deglnlp2vlsm,grandes bosta veio arrombado,2024-09-05T21:01:23Z,0,0,0,2024-09-05T21:00:28Z,vtmncalexandre.bsky.social,"sheipado,,,,,,,leite",did:plc:ufyejf4ulkyivwuqpqjgblke,sem viol√™ncia detectada
at://did:plc:t3ydvm4ihfqitvs7a24yfu6b/app.bsky.feed.post/3l3gjkcpep527,bafyreieo52rploijki5evqdc7lgiwdqfh7qs5ivdyi4moe6utliz47rcc4,Hoje √© dia da Amaz√¥nia EM CHAMAS!,2024-09-05T18:58:32Z,0,0,10,2024-09-05T18:58:32Z,marcosgo.bsky.social,MarcosGOü¶ãüì∑‚ôìÔ∏è,did:plc:t3ydvm4ihfqitvs7a24yfu6b,sem viol√™ncia detectada
at://did:plc:sqtuzqmkrlsvexseka6hvpwj/app.bsky.feed.post/3l3gulvnbd72c,bafyreif53224hmjklqut6kan6ayphho7ouqwtpyj2gdzug2u52pmtoodaa,Lula. Sou servidor p√∫blico. Meu filho de 15 anos est√° no ensino m√©dio. Ele tem direito ao P√© de Meia? N consigo achar essa resposta.,2024-09-05T22:16:16Z,0,0,0,2024-09-05T22:16:16Z,ivan10.bsky.social,Ivan,did:plc:sqtuzqmkrlsvexseka6hvpwj,sem viol√™ncia detectada
at://did:plc:shsrw5h7kuxmmo2txrpijn3p/app.bsky.feed.post/3l3grmhhr4l2u,bafyreif2anfrosyzxmswtnr7p4wn6f4paxwagq6rjcyv7f5t24rr3o2ywi,ENTAO REVOGA O ENSINO MEDIO LULAAAAAAAA,2024-09-05T21:22:55Z,0,0,0,2024-09-05T21:22:55Z,poeticfear.bsky.social,beyond genre classification,did:plc:shsrw5h7kuxmmo2txrpijn3p,sem viol√™ncia detectada
at://did:plc:rqfsrrk6bapop5leypcgt4dg/app.bsky.feed.post/3l3go77cidy2c,bafyreidvebkyn2fnm5yuz5khnpmq5qywbx5gd3hgl7fye3ifare3szg4xy,fodase,2024-09-05T20:21:48Z,0,0,1,2024-09-05T20:21:48Z,ellamayer.bsky.social,lace da mdm,did:plc:rqfsrrk6bapop5leypcgt4dg,sem viol√™ncia detectada
at://did:plc:ribaatbs6uyav3gcifnj2r6a/app.bsky.feed.post/3l3goiih6m32u,bafyreiau2bljeqz5jay27y676sbweywbp3x3kpltir73hgpxpaxzfvzesa,Bom pra eles q n√£o entraram no corte com amor,2024-09-05T20:26:59Z,0,0,0,2024-09-05T20:26:59Z,wtcris.bsky.social,Passageiro,did:plc:ribaatbs6uyav3gcifnj2r6a,sem viol√™ncia detectada
at://did:plc:rcnxpvu2hr32j2zn4xopgpvk/app.bsky.feed.post/3l3h2vatof52j,bafyreicnknta3fclptvvtxrhtwohcs5snm7ukpwec3hsaopscsazhaei4i,NA,2024-09-06T00:08:52Z,0,0,1,2024-09-06T00:08:52Z,lobosolitariobr.bsky.social,Lobo Solit√°rio,did:plc:rcnxpvu2hr32j2zn4xopgpvk,sem viol√™ncia detectada
at://did:plc:qt723atkovi6sflrjq7v4soq/app.bsky.feed.post/3l3jqqoyizp2x,bafyreib62tjfg3ghsugqijgawt4y3xvsvf6xmbluwwgxizutc4mkr4sp7e,@benipng.bsky.social,2024-09-07T01:45:23Z,1,0,0,2024-09-07T01:45:22Z,srefedgov.bsky.social,The Imperial Federation,did:plc:qt723atkovi6sflrjq7v4soq,sem viol√™ncia detectada
at://did:plc:qrxpoxg5k7fegcrfk2amoh33/app.bsky.feed.post/3l3gm6pnrvy2g,bafyreiffrlwn2lauxtnw7tstsi5krvqbho4qjecqaeqrf5qe2z7lfugnni,"Presidente fala com Camilo Santana sobre UFRJ, a reportagem do fant√°stico foi estarrecedora, tem que fazer uma reforma geral em todos os campos, isso √© investimento no nosso patrim√¥nio.",2024-09-05T19:45:43Z,0,0,0,2024-09-05T19:45:43Z,jade10.bsky.social,Jade üö©üö©üö©,did:plc:qrxpoxg5k7fegcrfk2amoh33,sem viol√™ncia detectada
at://did:plc:pj4g5twgazzxquu4pxkcxqcz/app.bsky.feed.post/3l3gohdfccn2x,bafyreian3wg3wpjyg5w2htnueqbblhnbrjnqzwafn6qxstnyilktlhf644,√â s√≥ transformar todas as escolas p√∫blicas em c√≠vico militares que evas√£o desce pra  quase  0.,2024-09-05T20:26:20Z,0,0,0,2024-09-05T20:26:20Z,25052001.bsky.social,NA,did:plc:pj4g5twgazzxquu4pxkcxqcz,sem viol√™ncia detectada
at://did:plc:oo3wwoavlwz57themoccvwrg/app.bsky.feed.post/3l3ickqcljb2n,bafyreihzs5dcwikil53uzpco5anwlqwawowntcadi7r63r5bo77a2yotcm,E o p√© de chinesa senhor presidente??? Sai quando?,2024-09-06T11:58:50Z,0,0,0,2024-09-06T11:58:50Z,augusto4752.bsky.social,NA,did:plc:oo3wwoavlwz57themoccvwrg,sem viol√™ncia detectada
at://did:plc:ngvankg67ihqxucy4l3rpquh/app.bsky.feed.post/3l3gjkefvqj2i,bafyreieyujlratnpy4oy7gl3osyljqnpxgg6ol5fp77wtms6owsbrkelza,"Presidente, n√£o vai mandar for√ßas armadas para combater os latifundi√°rios que est√£o incendiando nossas matas?",2024-09-05T18:58:34Z,1,0,8,2024-09-05T18:58:34Z,gtoneti.bsky.social,Gustavo Toneti,did:plc:ngvankg67ihqxucy4l3rpquh,sem viol√™ncia detectada
at://did:plc:n3wxdftvfftpuqy73djaqz2q/app.bsky.feed.post/3l3ifit2ivm2s,bafyreib5b7vznafxfkgngdu433reukei3delaj3e6n2t5wddyjfaxa7h7i,"E pra galera do bluesky que n√£o sabe, uberlandia √© um bairro da GRANDE UBERABA.",2024-09-06T12:51:27Z,0,0,4,2024-09-06T12:51:27Z,apenaslui.bsky.social,Professor Luis,did:plc:n3wxdftvfftpuqy73djaqz2q,sem viol√™ncia detectada
at://did:plc:muuy4nhrxn3ozti2jgq5e3on/app.bsky.feed.post/3l3glaakuvc2a,bafyreibwuhtz6t6t54g3cywpz4wanoditd4tprlbjjkmqizjmfsyt6jaz4,NA,2024-09-05T19:28:42Z,0,0,0,2024-09-05T19:28:42Z,maidl.bsky.social,NA,did:plc:muuy4nhrxn3ozti2jgq5e3on,sem viol√™ncia detectada
at://did:plc:lmvv5qrzuql4i6klvfqdoxw5/app.bsky.feed.post/3l3gnq7x54e2b,bafyreihnix527i5mexsncz7pum4gljugtpm5262yrmpx2ll5ssx2reii24,E vc merece um p√© nesse teu rabo imundo seu filho da puta,2024-09-05T20:13:26Z,0,0,0,2024-09-05T20:13:26Z,vitor3432.bsky.social,NA,did:plc:lmvv5qrzuql4i6klvfqdoxw5,sem viol√™ncia detectada
at://did:plc:kypnh6d2psbr43lk3m7krdsz/app.bsky.feed.post/3l3gr6soghu2o,bafyreife2e6hdi6vrxhjttio33avn2snpz5uir227x3l4pvwqa77dwwxpe,E o meu cacete e o meu que ainda n√£o chegou e o meu,2024-09-05T21:15:16Z,0,0,0,2024-09-05T21:15:16Z,dzinsccp.bsky.social,Dzinsccp,did:plc:kypnh6d2psbr43lk3m7krdsz,sem viol√™ncia detectada
at://did:plc:klfmq3u2cgvxxgk3s3j3syvl/app.bsky.feed.post/3l3hgisf3dv2w,bafyreiff4nmdqrodyt7o4yfyzjgyqrgxdjj5ook5ipae6gaxh5tvn63d5u,"Esse programa seria perfeito se expandido para alcan√ßar os jovens desde cedo, formando cidad√£os dignos e fortes. Ao come√ßar pela base, estar√≠amos construindo um futuro com mais oportunidades e empoderamento.",2024-09-06T03:37:04Z,1,0,0,2024-09-06T03:36:40Z,tiole.bsky.social,Tiol√™,did:plc:klfmq3u2cgvxxgk3s3j3syvl,sem viol√™ncia detectada
at://did:plc:jsqcl6fopdi2igxmkucxbv5z/app.bsky.feed.post/3l3gt3tl5xr2q,bafyreieailmvvkpkahecmjckqgcs5fbiuifys7xng4fqg3lr3czsjy73ni,"Lula, minha prima estava relatando que ela tem o cad √∫nico, mas n√£o recebe bolsa fam√≠lia, o filho dela estuda em escola p√∫blica, ela recebe 1 sal√°rio m√≠nimo e foi informada que ele n√£o tem direito ao P√© de meia. Que hist√≥ria √© essa? Fiquei bem surpresa quando ela contou. Quero explica√ß√£o sobre",2024-09-05T21:49:24Z,2,0,0,2024-09-05T21:49:24Z,rafarosa.bsky.social,Rafa,did:plc:jsqcl6fopdi2igxmkucxbv5z,sem viol√™ncia detectada
at://did:plc:hmamdmde3jibqp24hewaf53z/app.bsky.feed.post/3l3gjmlmrsj2n,bafyreigv42aqju4iotb2apkmnd5gwdt75kcnxfh4ce6linvzdxkbttfsdu,Udi city sempre crescendo. Agr so falta o pessoal que mora la deixar de ser nariz empinado e ter mais humildade luly,2024-09-05T18:59:48Z,1,0,0,2024-09-05T18:59:48Z,harleyfrompa.bsky.social,Jana,did:plc:hmamdmde3jibqp24hewaf53z,sem viol√™ncia detectada
at://did:plc:gr5pv3lifg6ayaqazok4q2g2/app.bsky.feed.post/3l3h2z22mmj2a,bafyreib5vh6shra7573jbjg6quofzjvs6iy3tj6w3urezs773uovoip54m,Uberl√¢ndia n√£o passa de um bairro de Uberaba,2024-09-06T00:11:00Z,1,0,0,2024-09-06T00:11:00Z,dalmas14.bsky.social,Dalmaso malignidade pura,did:plc:gr5pv3lifg6ayaqazok4q2g2,sem viol√™ncia detectada
at://did:plc:fzeb4abfhddha7sdud55cqzb/app.bsky.feed.post/3l3gldprhjt2s,bafyreidawqwivchvmrojldhffkkfoaypi6uf6exmnjyi7plzaaaohnnkq4,Ainda lembro da √©poca que estud√°vamos com gosto e porque era necess√°rio. A gente aprendia que a vida n√£o era f√°cil e era preciso o esfor√ßo... hoje a meninada √© paga pra estudar?,2024-09-05T19:30:39Z,1,0,2,2024-09-05T19:30:39Z,orivaldir.bsky.social,Orivaldir,did:plc:fzeb4abfhddha7sdud55cqzb,sem viol√™ncia detectada
at://did:plc:fyxtkziyc2tcqskrfwjtk3lj/app.bsky.feed.post/3l3gtdpmwyo2d,bafyreihgfttpqlnrttukedheffqc7ye2r6uqqwvykuzzbbnov4pfu6k4fu,"A tarefa √© √°rdua, mas sei que √©s preparado para receber cr√≠ticas, mesmo que debaixo n√≠vel, mas o que importa √© saber governar com o or√ßamento baixo (uma grande soma sequestrada pelo congresso) e que as queimadas em mais de 80% s√£o criminosas, feitas por gente descompromissada com o futuro
Tamo junto",2024-09-05T21:53:47Z,0,0,0,2024-09-05T21:53:47Z,1vila2violoes.bsky.social,1 Vila 2 viol√µes,did:plc:fyxtkziyc2tcqskrfwjtk3lj,sem viol√™ncia detectada
at://did:plc:fytwulxb2du76wtevj3tk7gb/app.bsky.feed.post/3l3gmbimylg26,bafyreicwexumwuaz4s3lff766mz5q4oageiwl5pbd243efdjqlyhd6tq6m,rei,2024-09-05T19:47:17Z,0,0,0,2024-09-05T19:47:17Z,muralupus.bsky.social,jur√≠dico raquel yotra brito,did:plc:fytwulxb2du76wtevj3tk7gb,sem viol√™ncia detectada
at://did:plc:efibvxcdzictlbcjaqqbqvrs/app.bsky.feed.post/3l3gjl5zwvc2f,bafyreicdwqx6p5jj4hct4h6wcs4pgrz4oyjqzg74u6mwulglh5l7g5jr7u,O Programa √© uma medida necess√°ria para os estudantes do ensino m√©dio das escolas p√∫blicas,2024-09-05T18:59:01Z,0,0,5,2024-09-05T18:59:01Z,jhonatanalmada.bsky.social,Jhonatan Almada,did:plc:efibvxcdzictlbcjaqqbqvrs,sem viol√™ncia detectada
at://did:plc:dlfjd6y6uhcbubozntdmyocd/app.bsky.feed.post/3l3hd3cdzqo2b,bafyreibin4lmtzkkrs2pht5e2aqsswh7sxl5wrusczjfioquerrm6utwgu,O problema √© que o aluno continua recebendo mesmo se repetir o ano.,2024-09-06T02:35:26Z,0,0,0,2024-09-06T02:35:26Z,leomadureira.bsky.social,Leo Madureira,did:plc:dlfjd6y6uhcbubozntdmyocd,sem viol√™ncia detectada
at://did:plc:bv7lvqtnj2tdchflyg6cve2i/app.bsky.feed.post/3l3iibrrkic2l,bafyreieivqowo6jxnpzosyq35kbh3e2pdumym4o7wrzat5nf63gabjxjre,NA,2024-09-06T13:41:12Z,0,0,0,2024-09-06T13:41:12Z,cleomarsantiago.bsky.social,O Apol√≠tico,did:plc:bv7lvqtnj2tdchflyg6cve2i,sem viol√™ncia detectada
at://did:plc:bce5w6lgnq5gxj4q5sdoet4q/app.bsky.feed.post/3l3gxbwr4mq2p,bafyreia5lyzdworv4zpjfx3ropgo34kdjs475ept4cvt4upgm2eqkjv7ka,"Faz o L
Beijo no ombro dos bozol√≥ides üòò",2024-09-05T23:04:23Z,0,0,1,2024-09-05T23:04:23Z,joelqueiroz.bsky.social,"Queiroz, o blunheteiro anti-eua",did:plc:bce5w6lgnq5gxj4q5sdoet4q,sem viol√™ncia detectada
at://did:plc:7vwxenlbyeobldawuyoahnez/app.bsky.feed.post/3l3gmoygitz27,bafyreigbswwhc7r7puvbiwjrmyhnv44w74wjknzgprjmukrjrd6yn3emqe,Revogar o novo ensino m√©dio ningu√©m quer n√©?,2024-09-05T19:54:49Z,0,0,0,2024-09-05T19:54:49Z,xannibell.bsky.social,XanniBell,did:plc:7vwxenlbyeobldawuyoahnez,sem viol√™ncia detectada
at://did:plc:6rbfuju4in6ini5bryp5xblt/app.bsky.feed.post/3l3gk3arazl27,bafyreihfr54q3ropfhufse3kdo6diik4fmd3ixa5j2lbfgwzko6y7dwptm,faz o p√© de meia para universit√°rios e p√≥s-graduandos üò≠üò≠üò≠ n√£o aguento mais ser desempregada e sem dinheiro,2024-09-05T19:07:59Z,0,0,0,2024-09-05T19:07:59Z,arrksz.bsky.social,carol,did:plc:6rbfuju4in6ini5bryp5xblt,sem viol√™ncia detectada
at://did:plc:6lgf4afcd2g54bwipoehrta5/app.bsky.feed.post/3l3gnjytptn2e,bafyreie47sk7zv3dzoozcrd2464qfai36gm2qeiwn7toaiypeqdbonxp6e,"Mas Presidente, h√° muitos alunos que est√£o recebendo o p√© de meia e n√£o est√£o indo a escola. Em Alagoas isto est√° ocorrendo.",2024-09-05T20:09:57Z,0,0,0,2024-09-05T20:09:57Z,mardendoria.bsky.social,Marden D√≥ria,did:plc:6lgf4afcd2g54bwipoehrta5,sem viol√™ncia detectada
at://did:plc:6fcnviidd7bglql5x4gu555o/app.bsky.feed.post/3l3gjmcjsdy2p,bafyreif3nvwrweeducaru7edkoo7sfcebjjbnwtcaaeled2ljmb6xu7ku4,"Isso a√≠ Lula, agora que tal liberar a maconha?",2024-09-05T18:59:39Z,2,0,2,2024-09-05T18:59:39Z,monkibot.online,Monki,did:plc:6fcnviidd7bglql5x4gu555o,sem viol√™ncia detectada
at://did:plc:6a6felvol7ay5ubbmfqlgt42/app.bsky.feed.post/3l3gjvobtpt2n,bafyreiddv2cgixjqdhpysseo35bcmhcvdpzgakv5eaoaambur5iwwc5u7i,bsky.app/profile/btcr...,2024-09-05T19:04:53Z,0,0,0,2024-09-05T19:04:53Z,btcrobot.bsky.social,NA,did:plc:6a6felvol7ay5ubbmfqlgt42,sem viol√™ncia detectada
at://did:plc:6a6felvol7ay5ubbmfqlgt42/app.bsky.feed.post/3l3gjuzapoe2s,bafyreiginl6sra3iccllkvm3gxqeecsxzj5hwalbquwqsrrmz5clw7eb5y,bsky.app/profile/btcr...,2024-09-05T19:04:31Z,0,0,0,2024-09-05T19:04:31Z,btcrobot.bsky.social,NA,did:plc:6a6felvol7ay5ubbmfqlgt42,sem viol√™ncia detectada
at://did:plc:3dapxb3y53mpayli2dju4vgd/app.bsky.feed.post/3l3goem3xzq2o,bafyreicesaaopk36nkqyqpvno34mibca5hnxzcvwf5lcxcp4cknwmtuycu,"Qual foi Lulinha, s√≥ eu que n√£o consigo receber essa parada ai.
T√¥ me matando de estudarüò≠",2024-09-05T20:24:59Z,0,0,0,2024-09-05T20:24:50Z,myllex.bsky.social,Ffc_Myllex,did:plc:3dapxb3y53mpayli2dju4vgd,sem viol√™ncia detectada
at://did:plc:3bbiav7up2eumythsrjvr7v5/app.bsky.feed.post/3l3glkm2dij2c,bafyreicoer4ru26kydem3exnvj7duopjmyxoz36v6twqi3nwaa5zsrsxou,"Oi sr presidente eu sou universit√°ria e t√¥ aguardando aux√≠lio socioecon√¥mico pra me manter na UFU desde abril, minha vida universit√°ria t√° em risco por conta da reitoria da universidade, s√≥ dizendo mesmo!",2024-09-05T19:34:30Z,0,0,0,2024-09-05T19:34:30Z,sariabacci.bsky.social,Palha√ßa Paglibacci,did:plc:3bbiav7up2eumythsrjvr7v5,sem viol√™ncia detectada
at://did:plc:2mm2xffz56fpf5rveho2kyv4/app.bsky.feed.post/3l3h2ecjuy62r,bafyreibzfcjhex3rjp3up5k5idcs5xn77ui3wm6yunnvjmpvnjlmj3vpzu,"A educa√ß√£o estaria melhor com menos conte√∫do e mais testes pr√°ticos, menos maconheiros, e menos doutrina√ß√£o nas escolas, mais respeito aos professores nas escolas seria bom, j√° que eles s√£o espancados, e as vezes mortos, e s√≥ ver as not√≠cias. Fa√ßa isso Lula.",2024-09-05T23:59:23Z,0,0,0,2024-09-05T23:59:23Z,helama986.bsky.social,Helama986,did:plc:2mm2xffz56fpf5rveho2kyv4,sem viol√™ncia detectada
at://did:plc:whlo2tap7udbs7pgzf6oauom/app.bsky.feed.post/3l3vecy3abp27,bafyreidsl6bd3kqkpahyxyr2epui4cx3coshy3kbuwtf6oouk2xbcqbpky,#LulaDemocraciaViva,2024-09-11T16:34:53Z,0,0,0,2024-09-11T16:34:53Z,marlenebr.bsky.social,"@marlenebr.bsky.social, esquerdista, votei  Lula, Haddad , Dilma",did:plc:whlo2tap7udbs7pgzf6oauom,sem viol√™ncia detectada
at://did:plc:cq4555fdoi6uz75ya72d5m27/app.bsky.feed.post/3l3gjm7vlh32x,bafyreibez37cgrpsk6mcttcbtlrwzwzowqk73qozcy6wfg5sbglfhcrjda,Fala minha futura prefeita! Vim do perfil do Lula!,2024-09-05T18:59:36Z,0,0,0,2024-09-05T18:59:36Z,paladinodocerrado.bsky.social,ElciddoCerrado,did:plc:cq4555fdoi6uz75ya72d5m27,sem viol√™ncia detectada
at://did:plc:7t5y2gwrixoue3a2swtj66mk/app.bsky.feed.post/3l3ft5whrkz2n,bafyreihcyg7c4igxxofdzlykhvm4dejrbzevfofsrhxt7xn3oqleibtqgq,@lulaoficial.bsky.social Bom dia Presidente ü¶ã‚ô•Ô∏èüáßüá∑. Gente vc j√° est√° seguindo? J√° veio aqui na pagina dele da um Bom dia!!!‚òÄÔ∏è Boa tarde !!! Ou Boa noite !!! J√° curtiu seu trabalho ? J√° respostou ? Hoje s√≥ falta 7.000 seguidores pra chegarmos 200.000ü¶ã‚ô•Ô∏èüáßüá∑Divulgue ü¶ã,2024-09-05T12:17:54Z,0,0,1,2024-09-05T12:17:54Z,velu123.bsky.social,Vera L√∫cia,did:plc:7t5y2gwrixoue3a2swtj66mk,sem viol√™ncia detectada
at://did:plc:7o3mgfutq6rnbkjwds2bfenh/app.bsky.feed.post/3l3g6i73ksq2d,bafyreidnn5zxjkqsvoztknshgkhovqqecxo5lchuatpqmaon3gckjncsja,"TODAS AS VEZES QUE O PARTIDO DOS TRABALHADORES PT-13, GOVERNA O BRASIL, nosso Pa√≠s VIVE MAR√â DE BEN√á√ÉOS (que a burguesia porca e golpista, diz ser SORTE). www.bbc.com/portuguese/a...  ... ent√£o,  VOTE no SEU PARTIDO dos TRABALHADORES -PT.13. PT, H√° 44 anos TRAZENDO SORTE para todo o Povo Brasileiro.",2024-09-05T15:40:31Z,0,0,2,2024-09-05T15:40:30Z,sergioaraujoadv.bsky.social,Sergio Araujo Recifense Pernambucano e Nordestino,did:plc:7o3mgfutq6rnbkjwds2bfenh,sem viol√™ncia detectada
